Entity,Code,Year,Deaths - Cardiovascular diseases - Sex: Both - Age: All Ages (Number)
Afghanistan,AFG,2007,53962
Afghanistan,AFG,2008,54051
Afghanistan,AFG,2009,53964
Afghanistan,AFG,2011,54347
Afghanistan,AFG,2012,54868
Afghanistan,AFG,2013,55274
Afghanistan,AFG,2014,55932
Afghanistan,AFG,2015,56875
Afghanistan,AFG,2016,57970
Afghanistan,AFG,1990,44899
Afghanistan,AFG,1991,45492
Afghanistan,AFG,1992,46557
Afghanistan,AFG,1993,47951
Afghanistan,AFG,1994,49308
Afghanistan,AFG,1995,50158
Afghanistan,AFG,1996,51125
Afghanistan,AFG,1997,52039
Afghanistan,AFG,1998,52720
Afghanistan,AFG,1999,53413
Afghanistan,AFG,2000,53919
Afghanistan,AFG,2001,54642
Afghanistan,AFG,2002,54213
Afghanistan,AFG,2003,54274
Afghanistan,AFG,2004,54438
Afghanistan,AFG,2005,54196
Afghanistan,AFG,2006,54080
Afghanistan,AFG,2010,53934
Afghanistan,AFG,2017,59553
Afghanistan,AFG,2018,60893
Afghanistan,AFG,2019,61995
African Region (WHO),,1990,612041
African Region (WHO),,1991,625730
African Region (WHO),,1992,643699
African Region (WHO),,1993,656275
African Region (WHO),,1994,673422
African Region (WHO),,1995,689162
African Region (WHO),,1996,709224
African Region (WHO),,1997,730919
African Region (WHO),,1998,747403
African Region (WHO),,1999,759038
African Region (WHO),,2000,774070
African Region (WHO),,2001,780921
African Region (WHO),,2002,793244
African Region (WHO),,2003,802676
African Region (WHO),,2004,811469
African Region (WHO),,2005,819013
African Region (WHO),,2006,832698
African Region (WHO),,2007,841784
African Region (WHO),,2008,856898
African Region (WHO),,2009,874100
African Region (WHO),,2010,889338
African Region (WHO),,2011,908139
African Region (WHO),,2012,928397
African Region (WHO),,2013,947673
African Region (WHO),,2014,968596
African Region (WHO),,2015,996806
African Region (WHO),,2016,1016603
African Region (WHO),,2017,1039287
African Region (WHO),,2018,1061135
African Region (WHO),,2019,1085321
Albania,ALB,1990,6701
Albania,ALB,1991,6903
Albania,ALB,1992,6699
Albania,ALB,1993,6480
Albania,ALB,1994,6191
Albania,ALB,1995,6500
Albania,ALB,1996,6822
Albania,ALB,1997,7063
Albania,ALB,1998,7269
Albania,ALB,1999,7490
Albania,ALB,2000,7641
Albania,ALB,2001,7622
Albania,ALB,2002,8230
Albania,ALB,2003,9045
Albania,ALB,2004,9335
Albania,ALB,2005,9414
Albania,ALB,2006,9172
Albania,ALB,2007,9024
Albania,ALB,2008,9393
Albania,ALB,2009,9513
Albania,ALB,2010,9748
Albania,ALB,2011,10142
Albania,ALB,2012,10446
Albania,ALB,2013,10800
Albania,ALB,2014,11275
Albania,ALB,2015,11754
Albania,ALB,2016,12053
Albania,ALB,2017,12345
Albania,ALB,2018,12629
Albania,ALB,2019,12904
Algeria,DZA,1990,53488
Algeria,DZA,1991,54722
Algeria,DZA,1992,56107
Algeria,DZA,1993,57522
Algeria,DZA,1994,59055
Algeria,DZA,1995,60182
Algeria,DZA,1996,61130
Algeria,DZA,1997,62011
Algeria,DZA,1998,62637
Algeria,DZA,1999,64123
Algeria,DZA,2000,64792
Algeria,DZA,2001,65386
Algeria,DZA,2002,65986
Algeria,DZA,2003,66329
Algeria,DZA,2004,67142
Algeria,DZA,2005,67957
Algeria,DZA,2006,68935
Algeria,DZA,2007,70099
Algeria,DZA,2008,71264
Algeria,DZA,2009,72767
Algeria,DZA,2010,74239
Algeria,DZA,2011,76392
Algeria,DZA,2012,78530
Algeria,DZA,2013,80572
Algeria,DZA,2014,83376
Algeria,DZA,2015,86306
Algeria,DZA,2016,88545
Algeria,DZA,2017,91371
Algeria,DZA,2018,94824
Algeria,DZA,2019,97931
American Samoa,ASM,1990,66
American Samoa,ASM,1991,69
American Samoa,ASM,1992,71
American Samoa,ASM,1993,73
American Samoa,ASM,1994,75
American Samoa,ASM,1995,77
American Samoa,ASM,1996,80
American Samoa,ASM,1997,82
American Samoa,ASM,1998,84
American Samoa,ASM,1999,87
American Samoa,ASM,2000,88
American Samoa,ASM,2001,90
American Samoa,ASM,2002,91
American Samoa,ASM,2003,91
American Samoa,ASM,2004,92
American Samoa,ASM,2005,93
American Samoa,ASM,2006,95
American Samoa,ASM,2007,97
American Samoa,ASM,2008,100
American Samoa,ASM,2009,102
American Samoa,ASM,2010,104
American Samoa,ASM,2011,106
American Samoa,ASM,2012,109
American Samoa,ASM,2013,111
American Samoa,ASM,2014,114
American Samoa,ASM,2015,116
American Samoa,ASM,2016,119
American Samoa,ASM,2017,121
American Samoa,ASM,2018,123
American Samoa,ASM,2019,125
Andorra,AND,1990,65
Andorra,AND,1991,69
Andorra,AND,1992,74
Andorra,AND,1993,79
Andorra,AND,1994,83
Andorra,AND,1995,85
Andorra,AND,1996,88
Andorra,AND,1997,91
Andorra,AND,1998,93
Andorra,AND,1999,97
Andorra,AND,2000,100
Andorra,AND,2001,103
Andorra,AND,2002,107
Andorra,AND,2003,111
Andorra,AND,2004,115
Andorra,AND,2005,118
Andorra,AND,2006,122
Andorra,AND,2007,126
Andorra,AND,2008,130
Andorra,AND,2009,136
Andorra,AND,2010,141
Andorra,AND,2011,141
Andorra,AND,2012,144
Andorra,AND,2013,147
Andorra,AND,2014,150
Andorra,AND,2015,155
Andorra,AND,2016,158
Andorra,AND,2017,163
Andorra,AND,2018,166
Andorra,AND,2019,169
Angola,AGO,1990,11871
Angola,AGO,1991,12174
Angola,AGO,1992,12537
Angola,AGO,1993,13025
Angola,AGO,1994,13477
Angola,AGO,1995,13763
Angola,AGO,1996,13830
Angola,AGO,1997,14108
Angola,AGO,1998,14682
Angola,AGO,1999,15194
Angola,AGO,2000,15555
Angola,AGO,2001,15706
Angola,AGO,2002,15872
Angola,AGO,2003,16344
Angola,AGO,2004,17003
Angola,AGO,2005,17115
Angola,AGO,2006,17544
Angola,AGO,2007,17760
Angola,AGO,2008,18305
Angola,AGO,2009,18809
Angola,AGO,2010,19340
Angola,AGO,2011,19923
Angola,AGO,2012,20537
Angola,AGO,2013,21009
Angola,AGO,2014,21149
Angola,AGO,2015,21887
Angola,AGO,2016,22606
Angola,AGO,2017,23571
Angola,AGO,2018,24627
Angola,AGO,2019,25724
Antigua and Barbuda,ATG,1990,170
Antigua and Barbuda,ATG,1991,173
Antigua and Barbuda,ATG,1992,175
Antigua and Barbuda,ATG,1993,186
Antigua and Barbuda,ATG,1994,186
Antigua and Barbuda,ATG,1995,187
Antigua and Barbuda,ATG,1996,175
Antigua and Barbuda,ATG,1997,171
Antigua and Barbuda,ATG,1998,169
Antigua and Barbuda,ATG,1999,167
Antigua and Barbuda,ATG,2000,163
Antigua and Barbuda,ATG,2001,161
Antigua and Barbuda,ATG,2002,160
Antigua and Barbuda,ATG,2003,160
Antigua and Barbuda,ATG,2004,159
Antigua and Barbuda,ATG,2005,160
Antigua and Barbuda,ATG,2006,162
Antigua and Barbuda,ATG,2007,180
Antigua and Barbuda,ATG,2008,179
Antigua and Barbuda,ATG,2009,170
Antigua and Barbuda,ATG,2010,171
Antigua and Barbuda,ATG,2011,174
Antigua and Barbuda,ATG,2012,175
Antigua and Barbuda,ATG,2013,178
Antigua and Barbuda,ATG,2014,184
Antigua and Barbuda,ATG,2015,187
Antigua and Barbuda,ATG,2016,191
Antigua and Barbuda,ATG,2017,194
Antigua and Barbuda,ATG,2018,197
Antigua and Barbuda,ATG,2019,200
Argentina,ARG,1990,98783
Argentina,ARG,1991,97610
Argentina,ARG,1992,98286
Argentina,ARG,1993,97030
Argentina,ARG,1994,94314
Argentina,ARG,1995,94708
Argentina,ARG,1996,94471
Argentina,ARG,1997,94388
Argentina,ARG,1998,95359
Argentina,ARG,1999,95713
Argentina,ARG,2000,91977
Argentina,ARG,2001,91810
Argentina,ARG,2002,93054
Argentina,ARG,2003,93723
Argentina,ARG,2004,91239
Argentina,ARG,2005,89381
Argentina,ARG,2006,89434
Argentina,ARG,2007,91606
Argentina,ARG,2008,89122
Argentina,ARG,2009,89543
Argentina,ARG,2010,91734
Argentina,ARG,2011,92474
Argentina,ARG,2012,92630
Argentina,ARG,2013,93311
Argentina,ARG,2014,93640
Argentina,ARG,2015,95955
Argentina,ARG,2016,100391
Argentina,ARG,2017,101975
Argentina,ARG,2018,100742
Argentina,ARG,2019,101725
Armenia,ARM,1990,10672
Armenia,ARM,1991,11395
Armenia,ARM,1992,12746
Armenia,ARM,1993,13377
Armenia,ARM,1994,12725
Armenia,ARM,1995,12681
Armenia,ARM,1996,12792
Armenia,ARM,1997,12337
Armenia,ARM,1998,12300
Armenia,ARM,1999,12410
Armenia,ARM,2000,12379
Armenia,ARM,2001,12708
Armenia,ARM,2002,12961
Armenia,ARM,2003,13310
Armenia,ARM,2004,13287
Armenia,ARM,2005,13498
Armenia,ARM,2006,13660
Armenia,ARM,2007,13487
Armenia,ARM,2008,13622
Armenia,ARM,2009,13478
Armenia,ARM,2010,13493
Armenia,ARM,2011,13432
Armenia,ARM,2012,13268
Armenia,ARM,2013,12927
Armenia,ARM,2014,12911
Armenia,ARM,2015,13198
Armenia,ARM,2016,13194
Armenia,ARM,2017,13391
Armenia,ARM,2018,13489
Armenia,ARM,2019,13507
Australasia & Oceania,,1990,
Australasia & Oceania,,1991,
Australasia & Oceania,,1992,
Australasia & Oceania,,1994,
Australasia & Oceania,,1995,
Australasia & Oceania,,1996,
Australasia & Oceania,,1997,
Australasia & Oceania,,1998,
Australasia & Oceania,,1999,
Australasia & Oceania,,2000,
Australasia & Oceania,,2001,
Australasia & Oceania,,2002,
Australasia & Oceania,,2003,
Australasia & Oceania,,2004,
Australasia & Oceania,,2005,
Australasia & Oceania,,2006,
Australasia & Oceania,,2007,
Australasia & Oceania,,2008,
Australasia & Oceania,,2009,
Australasia & Oceania,,2010,
Australasia & Oceania,,2011,
Australasia & Oceania,,2012,
Australasia & Oceania,,2013,
Australasia & Oceania,,2014,
Australasia & Oceania,,2015,
Australasia & Oceania,,2016,
Australasia & Oceania,,2017,
Australia,AUS,1990,51230
Australia,AUS,1991,50532
Australia,AUS,1992,50979
Australia,AUS,1993,50717
Australia,AUS,1994,51468
Australia,AUS,1995,51085
Australia,AUS,1996,51248
Australia,AUS,1997,50598
Australia,AUS,1998,49849
Australia,AUS,1999,49132
Australia,AUS,2000,48690
Australia,AUS,2001,48397
Australia,AUS,2002,48557
Australia,AUS,2003,47950
Australia,AUS,2004,46587
Australia,AUS,2005,45600
Australia,AUS,2006,45433
Australia,AUS,2007,45949
Australia,AUS,2008,46128
Australia,AUS,2009,45219
Australia,AUS,2010,44759
Australia,AUS,2011,44991
Australia,AUS,2012,44416
Australia,AUS,2013,44255
Australia,AUS,2014,45146
Australia,AUS,2015,46230
Australia,AUS,2016,46468
Australia,AUS,2017,47986
Australia,AUS,2018,50065
Australia,AUS,2019,51615
Austria,AUT,1990,39785
Austria,AUT,1991,39739
Austria,AUT,1992,39550
Austria,AUT,1993,39234
Austria,AUT,1994,38675
Austria,AUT,1995,38864
Austria,AUT,1996,38904
Austria,AUT,1997,38211
Austria,AUT,1998,37772
Austria,AUT,1999,37253
Austria,AUT,2000,36313
Austria,AUT,2001,34918
Austria,AUT,2002,34394
Austria,AUT,2003,33519
Austria,AUT,2004,32114
Austria,AUT,2005,31829
Austria,AUT,2006,31069
Austria,AUT,2007,30852
Austria,AUT,2008,30517
Austria,AUT,2009,30688
Austria,AUT,2010,30655
Austria,AUT,2011,30832
Austria,AUT,2012,31298
Austria,AUT,2013,31432
Austria,AUT,2014,31571
Austria,AUT,2015,32310
Austria,AUT,2016,32169
Austria,AUT,2017,31875
Austria,AUT,2018,32332
Austria,AUT,2019,32998
Azerbaijan,AZE,1990,23070
Azerbaijan,AZE,1991,24301
Azerbaijan,AZE,1992,26139
Azerbaijan,AZE,1993,27959
Azerbaijan,AZE,1994,29429
Azerbaijan,AZE,1995,29032
Azerbaijan,AZE,1996,28714
Azerbaijan,AZE,1997,28373
Azerbaijan,AZE,1998,28638
Azerbaijan,AZE,1999,29255
Azerbaijan,AZE,2000,29825
Azerbaijan,AZE,2001,30409
Azerbaijan,AZE,2002,31522
Azerbaijan,AZE,2003,33123
Azerbaijan,AZE,2004,34169
Azerbaijan,AZE,2005,35441
Azerbaijan,AZE,2006,36206
Azerbaijan,AZE,2007,36255
Azerbaijan,AZE,2008,36982
Azerbaijan,AZE,2009,37685
Azerbaijan,AZE,2010,38294
Azerbaijan,AZE,2011,39148
Azerbaijan,AZE,2012,39799
Azerbaijan,AZE,2013,40438
Azerbaijan,AZE,2014,41339
Azerbaijan,AZE,2015,41528
Azerbaijan,AZE,2016,42389
Azerbaijan,AZE,2017,43086
Azerbaijan,AZE,2018,42028
Azerbaijan,AZE,2019,42138
Bahamas,BHS,1990,445
Bahamas,BHS,1991,450
Bahamas,BHS,1992,456
Bahamas,BHS,1993,468
Bahamas,BHS,1994,479
Bahamas,BHS,1995,488
Bahamas,BHS,1996,510
Bahamas,BHS,1997,512
Bahamas,BHS,1998,521
Bahamas,BHS,1999,549
Bahamas,BHS,2000,543
Bahamas,BHS,2001,566
Bahamas,BHS,2002,571
Bahamas,BHS,2003,574
Bahamas,BHS,2004,585
Bahamas,BHS,2005,568
Bahamas,BHS,2006,583
Bahamas,BHS,2007,582
Bahamas,BHS,2008,610
Bahamas,BHS,2009,652
Bahamas,BHS,2010,669
Bahamas,BHS,2011,684
Bahamas,BHS,2012,691
Bahamas,BHS,2013,703
Bahamas,BHS,2014,725
Bahamas,BHS,2015,759
Bahamas,BHS,2016,787
Bahamas,BHS,2017,811
Bahamas,BHS,2018,839
Bahamas,BHS,2019,869
Bahrain,BHR,2007,832
Bahrain,BHR,2008,838
Bahrain,BHR,2009,848
Bahrain,BHR,2010,862
Bahrain,BHR,1990,729
Bahrain,BHR,1991,749
Bahrain,BHR,1992,755
Bahrain,BHR,1993,749
Bahrain,BHR,1994,754
Bahrain,BHR,1995,768
Bahrain,BHR,1996,787
Bahrain,BHR,1997,795
Bahrain,BHR,1998,802
Bahrain,BHR,1999,817
Bahrain,BHR,2000,751
Bahrain,BHR,2001,690
Bahrain,BHR,2002,765
Bahrain,BHR,2003,838
Bahrain,BHR,2004,850
Bahrain,BHR,2005,847
Bahrain,BHR,2006,836
Bahrain,BHR,2011,876
Bahrain,BHR,2012,884
Bahrain,BHR,2013,883
Bahrain,BHR,2014,899
Bahrain,BHR,2015,955
Bahrain,BHR,2016,1021
Bahrain,BHR,2017,1104
Bahrain,BHR,2018,1176
Bahrain,BHR,2019,1271
Bangladesh,BGD,2007,229986
Bangladesh,BGD,2008,234002
Bangladesh,BGD,2009,242016
Bangladesh,BGD,2010,252054
Bangladesh,BGD,2011,243361
Bangladesh,BGD,2012,238443
Bangladesh,BGD,2013,245834
Bangladesh,BGD,2015,268859
Bangladesh,BGD,2016,279014
Bangladesh,BGD,1990,138255
Bangladesh,BGD,1991,128059
Bangladesh,BGD,1992,130083
Bangladesh,BGD,1993,130790
Bangladesh,BGD,1994,132038
Bangladesh,BGD,1995,137057
Bangladesh,BGD,1996,137951
Bangladesh,BGD,1997,139279
Bangladesh,BGD,1998,144235
Bangladesh,BGD,1999,150975
Bangladesh,BGD,2000,160416
Bangladesh,BGD,2001,166478
Bangladesh,BGD,2002,177250
Bangladesh,BGD,2003,187957
Bangladesh,BGD,2004,196567
Bangladesh,BGD,2005,209388
Bangladesh,BGD,2006,222813
Bangladesh,BGD,2014,260732
Bangladesh,BGD,2017,301659
Bangladesh,BGD,2018,313376
Bangladesh,BGD,2019,324764
Barbados,BRB,1990,851
Barbados,BRB,1991,840
Barbados,BRB,1992,862
Barbados,BRB,1993,870
Barbados,BRB,1994,873
Barbados,BRB,1995,861
Barbados,BRB,1996,844
Barbados,BRB,1997,829
Barbados,BRB,1998,797
Barbados,BRB,1999,756
Barbados,BRB,2000,748
Barbados,BRB,2001,722
Barbados,BRB,2002,732
Barbados,BRB,2003,745
Barbados,BRB,2004,733
Barbados,BRB,2005,705
Barbados,BRB,2006,709
Barbados,BRB,2007,711
Barbados,BRB,2008,707
Barbados,BRB,2009,696
Barbados,BRB,2010,706
Barbados,BRB,2011,720
Barbados,BRB,2012,728
Barbados,BRB,2013,750
Barbados,BRB,2014,773
Barbados,BRB,2015,793
Barbados,BRB,2016,814
Barbados,BRB,2017,835
Barbados,BRB,2018,863
Barbados,BRB,2019,905
Belarus,BLR,2007,79921
Belarus,BLR,2008,80064
Belarus,BLR,2009,81203
Belarus,BLR,2010,81911
Belarus,BLR,2011,83777
Belarus,BLR,2012,76747
Belarus,BLR,2014,76561
Belarus,BLR,2016,76058
Belarus,BLR,1990,59682
Belarus,BLR,1991,62174
Belarus,BLR,1992,64309
Belarus,BLR,1993,70680
Belarus,BLR,1994,72224
Belarus,BLR,1995,74921
Belarus,BLR,1996,74581
Belarus,BLR,1997,76104
Belarus,BLR,1998,77729
Belarus,BLR,1999,80481
Belarus,BLR,2000,77258
Belarus,BLR,2001,81407
Belarus,BLR,2002,86298
Belarus,BLR,2003,84745
Belarus,BLR,2004,83463
Belarus,BLR,2005,85238
Belarus,BLR,2006,83208
Belarus,BLR,2013,76881
Belarus,BLR,2015,75549
Belarus,BLR,2017,76577
Belarus,BLR,2018,75197
Belarus,BLR,2019,75339
Belgium,BEL,1990,39927
Belgium,BEL,1991,39022
Belgium,BEL,1992,38687
Belgium,BEL,1993,38492
Belgium,BEL,1994,37784
Belgium,BEL,1995,37514
Belgium,BEL,1996,37338
Belgium,BEL,1997,36741
Belgium,BEL,1998,36557
Belgium,BEL,1999,36203
Belgium,BEL,2000,35953
Belgium,BEL,2001,35397
Belgium,BEL,2002,35510
Belgium,BEL,2003,35256
Belgium,BEL,2004,34009
Belgium,BEL,2005,33547
Belgium,BEL,2006,32725
Belgium,BEL,2007,32661
Belgium,BEL,2008,32909
Belgium,BEL,2009,32232
Belgium,BEL,2010,31700
Belgium,BEL,2011,31534
Belgium,BEL,2012,31817
Belgium,BEL,2013,31680
Belgium,BEL,2014,30934
Belgium,BEL,2015,31652
Belgium,BEL,2016,31413
Belgium,BEL,2017,32118
Belgium,BEL,2018,32887
Belgium,BEL,2019,33627
Belize,BLZ,1990,233
Belize,BLZ,1991,224
Belize,BLZ,1992,225
Belize,BLZ,1993,232
Belize,BLZ,1994,242
Belize,BLZ,1995,256
Belize,BLZ,1996,278
Belize,BLZ,1997,302
Belize,BLZ,1998,319
Belize,BLZ,1999,333
Belize,BLZ,2000,345
Belize,BLZ,2001,313
Belize,BLZ,2002,300
Belize,BLZ,2003,299
Belize,BLZ,2004,302
Belize,BLZ,2005,300
Belize,BLZ,2006,307
Belize,BLZ,2007,309
Belize,BLZ,2008,304
Belize,BLZ,2009,316
Belize,BLZ,2010,330
Belize,BLZ,2011,337
Belize,BLZ,2012,340
Belize,BLZ,2013,352
Belize,BLZ,2014,372
Belize,BLZ,2015,388
Belize,BLZ,2016,400
Belize,BLZ,2017,416
Belize,BLZ,2018,444
Belize,BLZ,2019,464
Benin,BEN,1990,5934
Benin,BEN,1991,6030
Benin,BEN,1992,6126
Benin,BEN,1993,6225
Benin,BEN,1994,6389
Benin,BEN,1995,6551
Benin,BEN,1996,6751
Benin,BEN,1997,6866
Benin,BEN,1998,7011
Benin,BEN,1999,7163
Benin,BEN,2000,7354
Benin,BEN,2001,7425
Benin,BEN,2002,7592
Benin,BEN,2003,7656
Benin,BEN,2004,7758
Benin,BEN,2005,7850
Benin,BEN,2006,8035
Benin,BEN,2007,8130
Benin,BEN,2008,8416
Benin,BEN,2009,8719
Benin,BEN,2010,8998
Benin,BEN,2011,9325
Benin,BEN,2012,9613
Benin,BEN,2013,9884
Benin,BEN,2014,10086
Benin,BEN,2015,10453
Benin,BEN,2016,10661
Benin,BEN,2017,10953
Benin,BEN,2018,11137
Benin,BEN,2019,11418
Bermuda,BMU,1990,211
Bermuda,BMU,1991,206
Bermuda,BMU,1992,197
Bermuda,BMU,1993,197
Bermuda,BMU,1994,194
Bermuda,BMU,1995,187
Bermuda,BMU,1996,189
Bermuda,BMU,1997,179
Bermuda,BMU,1998,174
Bermuda,BMU,1999,174
Bermuda,BMU,2000,173
Bermuda,BMU,2001,167
Bermuda,BMU,2002,163
Bermuda,BMU,2003,160
Bermuda,BMU,2004,159
Bermuda,BMU,2005,160
Bermuda,BMU,2006,162
Bermuda,BMU,2007,162
Bermuda,BMU,2008,161
Bermuda,BMU,2009,161
Bermuda,BMU,2010,162
Bermuda,BMU,2011,166
Bermuda,BMU,2012,170
Bermuda,BMU,2013,177
Bermuda,BMU,2014,182
Bermuda,BMU,2015,187
Bermuda,BMU,2016,193
Bermuda,BMU,2017,198
Bermuda,BMU,2018,204
Bermuda,BMU,2019,209
Bhutan,BTN,1990,577
Bhutan,BTN,1991,592
Bhutan,BTN,1992,606
Bhutan,BTN,1993,624
Bhutan,BTN,1994,642
Bhutan,BTN,1995,663
Bhutan,BTN,1996,673
Bhutan,BTN,1997,698
Bhutan,BTN,1998,720
Bhutan,BTN,1999,729
Bhutan,BTN,2000,760
Bhutan,BTN,2001,775
Bhutan,BTN,2002,790
Bhutan,BTN,2003,816
Bhutan,BTN,2004,836
Bhutan,BTN,2005,859
Bhutan,BTN,2006,879
Bhutan,BTN,2007,905
Bhutan,BTN,2008,930
Bhutan,BTN,2009,958
Bhutan,BTN,2010,983
Bhutan,BTN,2011,1008
Bhutan,BTN,2012,1033
Bhutan,BTN,2013,1056
Bhutan,BTN,2014,1080
Bhutan,BTN,2015,1105
Bhutan,BTN,2016,1128
Bhutan,BTN,2017,1153
Bhutan,BTN,2018,1181
Bhutan,BTN,2019,1208
Bolivia,BOL,1990,8243
Bolivia,BOL,1991,8392
Bolivia,BOL,1992,8561
Bolivia,BOL,1993,8750
Bolivia,BOL,1994,8834
Bolivia,BOL,1995,8982
Bolivia,BOL,1996,9038
Bolivia,BOL,1997,9254
Bolivia,BOL,1998,9358
Bolivia,BOL,1999,9481
Bolivia,BOL,2000,9600
Bolivia,BOL,2001,9695
Bolivia,BOL,2002,9864
Bolivia,BOL,2003,10050
Bolivia,BOL,2004,10242
Bolivia,BOL,2005,10525
Bolivia,BOL,2006,10835
Bolivia,BOL,2007,11198
Bolivia,BOL,2008,11569
Bolivia,BOL,2009,11959
Bolivia,BOL,2010,12358
Bolivia,BOL,2011,12804
Bolivia,BOL,2012,13200
Bolivia,BOL,2013,13627
Bolivia,BOL,2014,14042
Bolivia,BOL,2015,14418
Bolivia,BOL,2016,14779
Bolivia,BOL,2017,15127
Bolivia,BOL,2018,15537
Bolivia,BOL,2019,15905
Bosnia and Herzegovina,BIH,1990,13830
Bosnia and Herzegovina,BIH,1991,15329
Bosnia and Herzegovina,BIH,1992,15537
Bosnia and Herzegovina,BIH,1993,15837
Bosnia and Herzegovina,BIH,1994,16062
Bosnia and Herzegovina,BIH,1995,16151
Bosnia and Herzegovina,BIH,1996,15997
Bosnia and Herzegovina,BIH,1997,15957
Bosnia and Herzegovina,BIH,1998,14949
Bosnia and Herzegovina,BIH,1999,14764
Bosnia and Herzegovina,BIH,2000,15090
Bosnia and Herzegovina,BIH,2001,16279
Bosnia and Herzegovina,BIH,2002,16884
Bosnia and Herzegovina,BIH,2003,16956
Bosnia and Herzegovina,BIH,2004,16857
Bosnia and Herzegovina,BIH,2005,17250
Bosnia and Herzegovina,BIH,2006,16949
Bosnia and Herzegovina,BIH,2007,17575
Bosnia and Herzegovina,BIH,2008,16678
Bosnia and Herzegovina,BIH,2009,16739
Bosnia and Herzegovina,BIH,2010,16825
Bosnia and Herzegovina,BIH,2011,17237
Bosnia and Herzegovina,BIH,2012,17183
Bosnia and Herzegovina,BIH,2013,17395
Bosnia and Herzegovina,BIH,2014,17705
Bosnia and Herzegovina,BIH,2015,18455
Bosnia and Herzegovina,BIH,2016,18354
Bosnia and Herzegovina,BIH,2017,18446
Bosnia and Herzegovina,BIH,2018,18683
Bosnia and Herzegovina,BIH,2019,18828
Bosnia-Herzegovina,,1992,
Bosnia-Herzegovina,,1994,
Bosnia-Herzegovina,,1995,
Bosnia-Herzegovina,,1996,
Bosnia-Herzegovina,,1997,
Bosnia-Herzegovina,,1998,
Bosnia-Herzegovina,,1999,
Bosnia-Herzegovina,,2000,
Bosnia-Herzegovina,,2001,
Bosnia-Herzegovina,,2002,
Bosnia-Herzegovina,,2003,
Bosnia-Herzegovina,,2005,
Bosnia-Herzegovina,,2006,
Bosnia-Herzegovina,,2007,
Bosnia-Herzegovina,,2008,
Bosnia-Herzegovina,,2009,
Bosnia-Herzegovina,,2010,
Bosnia-Herzegovina,,2011,
Bosnia-Herzegovina,,2013,
Bosnia-Herzegovina,,2014,
Bosnia-Herzegovina,,2015,
Botswana,BWA,2007,2716
Botswana,BWA,2008,2776
Botswana,BWA,2009,2825
Botswana,BWA,2010,2894
Botswana,BWA,2012,3013
Botswana,BWA,2013,3074
Botswana,BWA,2016,3253
Botswana,BWA,1990,1689
Botswana,BWA,1991,1775
Botswana,BWA,1992,1881
Botswana,BWA,1993,1992
Botswana,BWA,1994,2119
Botswana,BWA,1995,2244
Botswana,BWA,1996,2347
Botswana,BWA,1997,2434
Botswana,BWA,1998,2545
Botswana,BWA,1999,2642
Botswana,BWA,2000,2751
Botswana,BWA,2001,2837
Botswana,BWA,2002,2899
Botswana,BWA,2003,2900
Botswana,BWA,2004,2846
Botswana,BWA,2005,2768
Botswana,BWA,2006,2747
Botswana,BWA,2011,2964
Botswana,BWA,2014,3137
Botswana,BWA,2015,3201
Botswana,BWA,2017,3343
Botswana,BWA,2018,3434
Botswana,BWA,2019,3519
Brazil,BRA,1990,269723
Brazil,BRA,1991,266804
Brazil,BRA,1992,270678
Brazil,BRA,1993,280562
Brazil,BRA,1994,282052
Brazil,BRA,1995,283063
Brazil,BRA,1996,286928
Brazil,BRA,1997,286370
Brazil,BRA,1998,291345
Brazil,BRA,1999,294045
Brazil,BRA,2000,295292
Brazil,BRA,2001,298715
Brazil,BRA,2002,303435
Brazil,BRA,2003,308841
Brazil,BRA,2004,313658
Brazil,BRA,2005,311589
Brazil,BRA,2006,317244
Brazil,BRA,2007,322286
Brazil,BRA,2008,328313
Brazil,BRA,2009,334995
Brazil,BRA,2010,340876
Brazil,BRA,2011,346499
Brazil,BRA,2012,347193
Brazil,BRA,2013,351474
Brazil,BRA,2014,355512
Brazil,BRA,2015,363287
Brazil,BRA,2016,375893
Brazil,BRA,2017,377468
Brazil,BRA,2018,386886
Brazil,BRA,2019,397993
Brunei,BRN,1990,317
Brunei,BRN,1991,316
Brunei,BRN,1992,317
Brunei,BRN,1993,317
Brunei,BRN,1994,309
Brunei,BRN,1995,307
Brunei,BRN,1996,304
Brunei,BRN,1997,314
Brunei,BRN,1998,321
Brunei,BRN,1999,325
Brunei,BRN,2000,326
Brunei,BRN,2001,326
Brunei,BRN,2002,336
Brunei,BRN,2003,349
Brunei,BRN,2004,355
Brunei,BRN,2005,361
Brunei,BRN,2006,364
Brunei,BRN,2007,360
Brunei,BRN,2008,358
Brunei,BRN,2009,368
Brunei,BRN,2010,377
Brunei,BRN,2011,383
Brunei,BRN,2012,390
Brunei,BRN,2013,407
Brunei,BRN,2014,421
Brunei,BRN,2015,436
Brunei,BRN,2016,453
Brunei,BRN,2017,472
Brunei,BRN,2018,491
Brunei,BRN,2019,508
Bulgaria,BGR,1990,69642
Bulgaria,BGR,1991,70746
Bulgaria,BGR,1992,74062
Bulgaria,BGR,1993,78937
Bulgaria,BGR,1994,83122
Bulgaria,BGR,1995,85801
Bulgaria,BGR,1996,88414
Bulgaria,BGR,1997,91942
Bulgaria,BGR,1998,89719
Bulgaria,BGR,1999,87124
Bulgaria,BGR,2000,87470
Bulgaria,BGR,2001,86391
Bulgaria,BGR,2002,85571
Bulgaria,BGR,2003,84189
Bulgaria,BGR,2004,82849
Bulgaria,BGR,2005,83135
Bulgaria,BGR,2006,83265
Bulgaria,BGR,2007,81458
Bulgaria,BGR,2008,79473
Bulgaria,BGR,2009,78258
Bulgaria,BGR,2010,78239
Bulgaria,BGR,2011,77662
Bulgaria,BGR,2012,76151
Bulgaria,BGR,2013,74624
Bulgaria,BGR,2014,76808
Bulgaria,BGR,2015,76745
Bulgaria,BGR,2016,76814
Bulgaria,BGR,2017,76978
Bulgaria,BGR,2018,78759
Bulgaria,BGR,2019,79119
Burkina Faso,BFA,1990,9365
Burkina Faso,BFA,1991,9411
Burkina Faso,BFA,1992,9580
Burkina Faso,BFA,1993,9792
Burkina Faso,BFA,1994,10019
Burkina Faso,BFA,1995,10266
Burkina Faso,BFA,1996,10468
Burkina Faso,BFA,1997,10734
Burkina Faso,BFA,1998,10933
Burkina Faso,BFA,1999,11607
Burkina Faso,BFA,2000,12371
Burkina Faso,BFA,2001,12845
Burkina Faso,BFA,2002,13703
Burkina Faso,BFA,2003,13835
Burkina Faso,BFA,2004,14245
Burkina Faso,BFA,2005,14696
Burkina Faso,BFA,2006,15079
Burkina Faso,BFA,2007,15406
Burkina Faso,BFA,2008,15917
Burkina Faso,BFA,2009,16485
Burkina Faso,BFA,2010,16924
Burkina Faso,BFA,2011,17225
Burkina Faso,BFA,2012,17803
Burkina Faso,BFA,2013,18427
Burkina Faso,BFA,2014,18949
Burkina Faso,BFA,2015,19870
Burkina Faso,BFA,2016,20400
Burkina Faso,BFA,2017,21148
Burkina Faso,BFA,2018,21797
Burkina Faso,BFA,2019,22151
Burundi,BDI,1990,8711
Burundi,BDI,1991,8761
Burundi,BDI,1992,8793
Burundi,BDI,1993,8894
Burundi,BDI,1994,8888
Burundi,BDI,1995,8910
Burundi,BDI,1996,8829
Burundi,BDI,1997,8663
Burundi,BDI,1998,8493
Burundi,BDI,1999,8249
Burundi,BDI,2000,8115
Burundi,BDI,2001,7864
Burundi,BDI,2002,7818
Burundi,BDI,2003,7830
Burundi,BDI,2004,7927
Burundi,BDI,2005,8046
Burundi,BDI,2006,8065
Burundi,BDI,2007,8093
Burundi,BDI,2008,8166
Burundi,BDI,2009,8255
Burundi,BDI,2010,8498
Burundi,BDI,2011,8724
Burundi,BDI,2012,8970
Burundi,BDI,2013,9145
Burundi,BDI,2014,9318
Burundi,BDI,2015,9547
Burundi,BDI,2016,9740
Burundi,BDI,2017,10030
Burundi,BDI,2018,10468
Burundi,BDI,2019,10804
Cambodia,KHM,1990,13903
Cambodia,KHM,1991,14120
Cambodia,KHM,1992,14395
Cambodia,KHM,1993,14777
Cambodia,KHM,1994,15198
Cambodia,KHM,1995,15605
Cambodia,KHM,1996,15925
Cambodia,KHM,1997,16259
Cambodia,KHM,1998,16679
Cambodia,KHM,1999,17110
Cambodia,KHM,2000,17476
Cambodia,KHM,2001,17860
Cambodia,KHM,2002,18226
Cambodia,KHM,2003,18603
Cambodia,KHM,2004,19034
Cambodia,KHM,2005,19441
Cambodia,KHM,2006,19856
Cambodia,KHM,2007,20408
Cambodia,KHM,2008,21017
Cambodia,KHM,2009,21722
Cambodia,KHM,2010,22564
Cambodia,KHM,2011,23410
Cambodia,KHM,2012,24179
Cambodia,KHM,2013,24962
Cambodia,KHM,2014,25734
Cambodia,KHM,2015,26558
Cambodia,KHM,2016,27398
Cambodia,KHM,2017,28304
Cambodia,KHM,2018,29323
Cambodia,KHM,2019,30313
Cameroon,CMR,1990,10267
Cameroon,CMR,1991,10577
Cameroon,CMR,1992,10960
Cameroon,CMR,1993,11414
Cameroon,CMR,1994,11824
Cameroon,CMR,1995,12307
Cameroon,CMR,1996,12856
Cameroon,CMR,1997,13493
Cameroon,CMR,1998,14204
Cameroon,CMR,1999,14873
Cameroon,CMR,2000,15690
Cameroon,CMR,2001,16191
Cameroon,CMR,2002,16885
Cameroon,CMR,2003,17429
Cameroon,CMR,2004,17929
Cameroon,CMR,2005,18537
Cameroon,CMR,2006,19200
Cameroon,CMR,2007,19534
Cameroon,CMR,2008,20180
Cameroon,CMR,2009,20845
Cameroon,CMR,2010,21515
Cameroon,CMR,2011,22200
Cameroon,CMR,2012,22835
Cameroon,CMR,2013,23423
Cameroon,CMR,2014,23917
Cameroon,CMR,2015,24650
Cameroon,CMR,2016,24881
Cameroon,CMR,2017,25300
Cameroon,CMR,2018,25951
Cameroon,CMR,2019,26491
Canada,CAN,1990,74467
Canada,CAN,1991,74607
Canada,CAN,1992,75001
Canada,CAN,1993,76383
Canada,CAN,1994,76928
Canada,CAN,1995,77554
Canada,CAN,1996,77759
Canada,CAN,1997,77859
Canada,CAN,1998,77758
Canada,CAN,1999,76963
Canada,CAN,2000,75825
Canada,CAN,2001,75174
Canada,CAN,2002,75056
Canada,CAN,2003,74094
Canada,CAN,2004,72573
Canada,CAN,2005,71571
Canada,CAN,2006,70140
Canada,CAN,2007,69792
Canada,CAN,2008,69253
Canada,CAN,2009,68335
Canada,CAN,2010,68029
Canada,CAN,2011,67580
Canada,CAN,2012,68155
Canada,CAN,2013,68846
Canada,CAN,2014,70379
Canada,CAN,2015,71553
Canada,CAN,2016,73558
Canada,CAN,2017,75546
Canada,CAN,2018,79970
Canada,CAN,2019,82644
Cape Verde,CPV,1990,552
Cape Verde,CPV,1991,565
Cape Verde,CPV,1992,576
Cape Verde,CPV,1993,598
Cape Verde,CPV,1994,610
Cape Verde,CPV,1995,617
Cape Verde,CPV,1996,637
Cape Verde,CPV,1997,659
Cape Verde,CPV,1998,655
Cape Verde,CPV,1999,658
Cape Verde,CPV,2000,662
Cape Verde,CPV,2001,668
Cape Verde,CPV,2002,677
Cape Verde,CPV,2003,683
Cape Verde,CPV,2004,692
Cape Verde,CPV,2005,701
Cape Verde,CPV,2006,668
Cape Verde,CPV,2007,663
Cape Verde,CPV,2008,673
Cape Verde,CPV,2009,685
Cape Verde,CPV,2010,695
Cape Verde,CPV,2011,729
Cape Verde,CPV,2012,749
Cape Verde,CPV,2013,762
Cape Verde,CPV,2014,791
Cape Verde,CPV,2015,832
Cape Verde,CPV,2016,894
Cape Verde,CPV,2017,917
Cape Verde,CPV,2018,1084
Cape Verde,CPV,2019,1073
Central African Republic,CAF,1990,4424
Central African Republic,CAF,1991,4491
Central African Republic,CAF,1992,4477
Central African Republic,CAF,1993,4570
Central African Republic,CAF,1994,4646
Central African Republic,CAF,1995,4710
Central African Republic,CAF,1996,4846
Central African Republic,CAF,1997,4894
Central African Republic,CAF,1998,4975
Central African Republic,CAF,1999,5051
Central African Republic,CAF,2000,5066
Central African Republic,CAF,2001,5110
Central African Republic,CAF,2002,5182
Central African Republic,CAF,2003,5243
Central African Republic,CAF,2004,5314
Central African Republic,CAF,2005,5381
Central African Republic,CAF,2006,5467
Central African Republic,CAF,2007,5542
Central African Republic,CAF,2008,5619
Central African Republic,CAF,2009,5758
Central African Republic,CAF,2010,5976
Central African Republic,CAF,2011,6146
Central African Republic,CAF,2012,6252
Central African Republic,CAF,2013,6402
Central African Republic,CAF,2014,6506
Central African Republic,CAF,2015,6673
Central African Republic,CAF,2016,6796
Central African Republic,CAF,2017,6931
Central African Republic,CAF,2018,7069
Central African Republic,CAF,2019,7210
Central America & Caribbean,,1990,
Central America & Caribbean,,1991,
Central America & Caribbean,,1992,
Central America & Caribbean,,1994,
Central America & Caribbean,,1995,
Central America & Caribbean,,1996,
Central America & Caribbean,,1997,
Central America & Caribbean,,1998,
Central America & Caribbean,,1999,
Central America & Caribbean,,2000,
Central America & Caribbean,,2001,
Central America & Caribbean,,2002,
Central America & Caribbean,,2003,
Central America & Caribbean,,2004,
Central America & Caribbean,,2005,
Central America & Caribbean,,2006,
Central America & Caribbean,,2007,
Central America & Caribbean,,2008,
Central America & Caribbean,,2009,
Central America & Caribbean,,2010,
Central America & Caribbean,,2011,
Central America & Caribbean,,2012,
Central America & Caribbean,,2013,
Central America & Caribbean,,2014,
Central America & Caribbean,,2015,
Central America & Caribbean,,2016,
Central America & Caribbean,,2017,
Central Asia,,1990,
Central Asia,,1991,
Central Asia,,1992,
Central Asia,,1994,
Central Asia,,1995,
Central Asia,,1996,
Central Asia,,1997,
Central Asia,,1998,
Central Asia,,1999,
Central Asia,,2000,
Central Asia,,2001,
Central Asia,,2002,
Central Asia,,2003,
Central Asia,,2004,
Central Asia,,2005,
Central Asia,,2006,
Central Asia,,2007,
Central Asia,,2008,
Central Asia,,2009,
Central Asia,,2010,
Central Asia,,2011,
Central Asia,,2012,
Central Asia,,2013,
Central Asia,,2014,
Central Asia,,2015,
Central Asia,,2016,
Central Asia,,2017,
Chad,TCD,2007,10543
Chad,TCD,2008,10823
Chad,TCD,2009,11110
Chad,TCD,2015,12638
Chad,TCD,1990,7363
Chad,TCD,1991,7407
Chad,TCD,1992,7577
Chad,TCD,1993,7787
Chad,TCD,1994,7942
Chad,TCD,1995,8102
Chad,TCD,1996,8416
Chad,TCD,1997,8638
Chad,TCD,1998,8822
Chad,TCD,1999,9024
Chad,TCD,2000,9185
Chad,TCD,2001,9379
Chad,TCD,2002,9637
Chad,TCD,2003,9895
Chad,TCD,2004,10053
Chad,TCD,2005,10116
Chad,TCD,2006,10295
Chad,TCD,2010,11362
Chad,TCD,2011,11628
Chad,TCD,2012,11902
Chad,TCD,2013,12093
Chad,TCD,2014,12305
Chad,TCD,2016,12897
Chad,TCD,2017,13201
Chad,TCD,2018,13541
Chad,TCD,2019,13837
Chile,CHL,1990,22267
Chile,CHL,1991,21594
Chile,CHL,1992,21228
Chile,CHL,1993,21331
Chile,CHL,1994,21261
Chile,CHL,1995,21582
Chile,CHL,1996,21842
Chile,CHL,1997,21573
Chile,CHL,1998,21895
Chile,CHL,1999,22245
Chile,CHL,2000,21981
Chile,CHL,2001,22519
Chile,CHL,2002,22596
Chile,CHL,2003,23315
Chile,CHL,2004,23678
Chile,CHL,2005,23624
Chile,CHL,2006,23593
Chile,CHL,2007,23903
Chile,CHL,2008,23671
Chile,CHL,2009,24575
Chile,CHL,2010,25449
Chile,CHL,2011,25568
Chile,CHL,2012,25914
Chile,CHL,2013,26372
Chile,CHL,2014,26579
Chile,CHL,2015,27087
Chile,CHL,2016,27170
Chile,CHL,2017,28370
Chile,CHL,2018,29266
Chile,CHL,2019,30115
China,CHN,2007,3413237
China,CHN,2008,3523450
China,CHN,2009,3669964
China,CHN,2010,3831636
China,CHN,2011,3937801
China,CHN,2012,3973790
China,CHN,2013,4049045
China,CHN,2014,4120839
China,CHN,2015,4180060
China,CHN,2016,4292981
China,CHN,1990,2423990
China,CHN,1991,2456185
China,CHN,1992,2488556
China,CHN,1993,2519098
China,CHN,1994,2524877
China,CHN,1995,2548615
China,CHN,1996,2592143
China,CHN,1997,2623371
China,CHN,1998,2669846
China,CHN,1999,2767588
China,CHN,2000,2908756
China,CHN,2001,3012156
China,CHN,2002,3131151
China,CHN,2003,3244006
China,CHN,2004,3371112
China,CHN,2005,3424698
China,CHN,2006,3385035
China,CHN,2017,4378469
China,CHN,2018,4459245
China,CHN,2019,4584273
Colombia,COL,1990,41954
Colombia,COL,1991,44376
Colombia,COL,1992,45315
Colombia,COL,1993,45697
Colombia,COL,1994,46234
Colombia,COL,1995,46438
Colombia,COL,1996,47657
Colombia,COL,1997,45974
Colombia,COL,1998,45654
Colombia,COL,1999,47195
Colombia,COL,2000,48227
Colombia,COL,2001,49489
Colombia,COL,2002,54890
Colombia,COL,2003,53254
Colombia,COL,2004,53954
Colombia,COL,2005,53137
Colombia,COL,2006,55002
Colombia,COL,2007,54706
Colombia,COL,2008,55878
Colombia,COL,2009,58098
Colombia,COL,2010,58524
Colombia,COL,2011,57421
Colombia,COL,2012,58415
Colombia,COL,2013,59367
Colombia,COL,2014,60498
Colombia,COL,2015,63204
Colombia,COL,2016,65354
Colombia,COL,2017,67386
Colombia,COL,2018,70281
Colombia,COL,2019,72629
Comoros,COM,1990,658
Comoros,COM,1991,671
Comoros,COM,1992,703
Comoros,COM,1993,719
Comoros,COM,1994,746
Comoros,COM,1995,764
Comoros,COM,1996,780
Comoros,COM,1997,788
Comoros,COM,1998,778
Comoros,COM,1999,775
Comoros,COM,2000,792
Comoros,COM,2001,798
Comoros,COM,2002,804
Comoros,COM,2003,802
Comoros,COM,2004,793
Comoros,COM,2005,817
Comoros,COM,2006,812
Comoros,COM,2007,858
Comoros,COM,2008,886
Comoros,COM,2009,881
Comoros,COM,2010,890
Comoros,COM,2011,923
Comoros,COM,2012,950
Comoros,COM,2013,975
Comoros,COM,2014,1036
Comoros,COM,2015,1059
Comoros,COM,2016,1081
Comoros,COM,2017,1107
Comoros,COM,2018,1119
Comoros,COM,2019,1143
Congo,COG,1990,4140
Congo,COG,1991,4163
Congo,COG,1992,4210
Congo,COG,1993,4316
Congo,COG,1994,4531
Congo,COG,1995,4664
Congo,COG,1996,4822
Congo,COG,1997,4906
Congo,COG,1998,4840
Congo,COG,1999,4862
Congo,COG,2000,4800
Congo,COG,2001,4700
Congo,COG,2002,4657
Congo,COG,2003,4779
Congo,COG,2004,4872
Congo,COG,2005,4937
Congo,COG,2006,5040
Congo,COG,2007,5171
Congo,COG,2008,5320
Congo,COG,2009,5417
Congo,COG,2010,5505
Congo,COG,2011,5611
Congo,COG,2012,5796
Congo,COG,2013,5965
Congo,COG,2014,6152
Congo,COG,2015,6285
Congo,COG,2016,6442
Congo,COG,2017,6634
Congo,COG,2018,6865
Congo,COG,2019,7096
Cook Islands,COK,1990,42
Cook Islands,COK,1991,42
Cook Islands,COK,1992,42
Cook Islands,COK,1993,42
Cook Islands,COK,1994,42
Cook Islands,COK,1995,42
Cook Islands,COK,1996,42
Cook Islands,COK,1997,42
Cook Islands,COK,1998,43
Cook Islands,COK,1999,43
Cook Islands,COK,2000,44
Cook Islands,COK,2001,43
Cook Islands,COK,2002,43
Cook Islands,COK,2003,43
Cook Islands,COK,2004,43
Cook Islands,COK,2005,43
Cook Islands,COK,2006,44
Cook Islands,COK,2007,44
Cook Islands,COK,2008,44
Cook Islands,COK,2009,45
Cook Islands,COK,2010,47
Cook Islands,COK,2011,49
Cook Islands,COK,2012,50
Cook Islands,COK,2013,52
Cook Islands,COK,2014,53
Cook Islands,COK,2015,54
Cook Islands,COK,2016,56
Cook Islands,COK,2017,57
Cook Islands,COK,2018,58
Cook Islands,COK,2019,58
Costa Rica,CRI,1990,3454
Costa Rica,CRI,1991,3604
Costa Rica,CRI,1992,3747
Costa Rica,CRI,1993,3815
Costa Rica,CRI,1994,4062
Costa Rica,CRI,1995,4250
Costa Rica,CRI,1996,4139
Costa Rica,CRI,1997,4172
Costa Rica,CRI,1998,4241
Costa Rica,CRI,1999,4398
Costa Rica,CRI,2000,4347
Costa Rica,CRI,2001,4471
Costa Rica,CRI,2002,4362
Costa Rica,CRI,2003,4452
Costa Rica,CRI,2004,4585
Costa Rica,CRI,2005,4353
Costa Rica,CRI,2006,4628
Costa Rica,CRI,2007,4252
Costa Rica,CRI,2008,4449
Costa Rica,CRI,2009,4469
Costa Rica,CRI,2010,5127
Costa Rica,CRI,2011,5036
Costa Rica,CRI,2012,5153
Costa Rica,CRI,2013,5306
Costa Rica,CRI,2014,5454
Costa Rica,CRI,2015,5719
Costa Rica,CRI,2016,6086
Costa Rica,CRI,2017,6296
Costa Rica,CRI,2018,6496
Costa Rica,CRI,2019,6664
Cote d'Ivoire,CIV,1990,10120
Cote d'Ivoire,CIV,1991,10578
Cote d'Ivoire,CIV,1992,11137
Cote d'Ivoire,CIV,1993,11798
Cote d'Ivoire,CIV,1994,12468
Cote d'Ivoire,CIV,1995,13163
Cote d'Ivoire,CIV,1996,13687
Cote d'Ivoire,CIV,1997,14113
Cote d'Ivoire,CIV,1998,14624
Cote d'Ivoire,CIV,1999,15141
Cote d'Ivoire,CIV,2000,15767
Cote d'Ivoire,CIV,2001,16126
Cote d'Ivoire,CIV,2002,16540
Cote d'Ivoire,CIV,2003,16869
Cote d'Ivoire,CIV,2004,17260
Cote d'Ivoire,CIV,2005,17549
Cote d'Ivoire,CIV,2006,17877
Cote d'Ivoire,CIV,2007,17970
Cote d'Ivoire,CIV,2008,18218
Cote d'Ivoire,CIV,2009,18598
Cote d'Ivoire,CIV,2010,19018
Cote d'Ivoire,CIV,2011,19448
Cote d'Ivoire,CIV,2012,19918
Cote d'Ivoire,CIV,2013,20586
Cote d'Ivoire,CIV,2014,20946
Cote d'Ivoire,CIV,2015,21422
Cote d'Ivoire,CIV,2016,21285
Cote d'Ivoire,CIV,2017,21492
Cote d'Ivoire,CIV,2018,22129
Cote d'Ivoire,CIV,2019,22376
Croatia,HRV,1990,26917
Croatia,HRV,1991,26189
Croatia,HRV,1992,25589
Croatia,HRV,1993,25394
Croatia,HRV,1994,25152
Croatia,HRV,1995,25616
Croatia,HRV,1996,26082
Croatia,HRV,1997,26532
Croatia,HRV,1998,26351
Croatia,HRV,1999,26145
Croatia,HRV,2000,25732
Croatia,HRV,2001,25477
Croatia,HRV,2002,25643
Croatia,HRV,2003,25721
Croatia,HRV,2004,24645
Croatia,HRV,2005,24938
Croatia,HRV,2006,24559
Croatia,HRV,2007,25067
Croatia,HRV,2008,25049
Croatia,HRV,2009,24176
Croatia,HRV,2010,24314
Croatia,HRV,2011,24015
Croatia,HRV,2012,23852
Croatia,HRV,2013,23260
Croatia,HRV,2014,23526
Croatia,HRV,2015,24640
Croatia,HRV,2016,23344
Croatia,HRV,2017,23939
Croatia,HRV,2018,24257
Croatia,HRV,2019,24721
Cuba,CUB,1990,29578
Cuba,CUB,1991,29914
Cuba,CUB,1992,31207
Cuba,CUB,1993,32349
Cuba,CUB,1994,32653
Cuba,CUB,1995,32756
Cuba,CUB,1996,32816
Cuba,CUB,1997,32318
Cuba,CUB,1998,32391
Cuba,CUB,1999,32457
Cuba,CUB,2000,31913
Cuba,CUB,2001,32213
Cuba,CUB,2002,30623
Cuba,CUB,2003,31493
Cuba,CUB,2004,32282
Cuba,CUB,2005,33070
Cuba,CUB,2006,31379
Cuba,CUB,2007,31642
Cuba,CUB,2008,32596
Cuba,CUB,2009,33155
Cuba,CUB,2010,33889
Cuba,CUB,2011,32388
Cuba,CUB,2012,33478
Cuba,CUB,2013,34308
Cuba,CUB,2014,35492
Cuba,CUB,2015,37170
Cuba,CUB,2016,37559
Cuba,CUB,2017,39648
Cuba,CUB,2018,40510
Cuba,CUB,2019,39755
Cyprus,CYP,1990,2518
Cyprus,CYP,1991,2654
Cyprus,CYP,1992,2765
Cyprus,CYP,1993,2807
Cyprus,CYP,1994,2781
Cyprus,CYP,1995,2779
Cyprus,CYP,1996,2763
Cyprus,CYP,1997,2779
Cyprus,CYP,1998,2844
Cyprus,CYP,1999,2868
Cyprus,CYP,2000,2791
Cyprus,CYP,2001,2723
Cyprus,CYP,2002,2703
Cyprus,CYP,2003,2685
Cyprus,CYP,2004,2710
Cyprus,CYP,2005,2772
Cyprus,CYP,2006,2845
Cyprus,CYP,2007,2858
Cyprus,CYP,2008,2787
Cyprus,CYP,2009,2738
Cyprus,CYP,2010,2714
Cyprus,CYP,2011,2672
Cyprus,CYP,2012,2651
Cyprus,CYP,2013,2665
Cyprus,CYP,2014,2729
Cyprus,CYP,2015,2799
Cyprus,CYP,2016,2810
Cyprus,CYP,2017,2860
Cyprus,CYP,2018,2974
Cyprus,CYP,2019,3112
Czechia,CZE,1990,70923
Czechia,CZE,1991,67875
Czechia,CZE,1992,65915
Czechia,CZE,1993,63564
Czechia,CZE,1994,62669
Czechia,CZE,1995,63131
Czechia,CZE,1996,60197
Czechia,CZE,1997,60033
Czechia,CZE,1998,57570
Czechia,CZE,1999,57031
Czechia,CZE,2000,57137
Czechia,CZE,2001,57230
Czechia,CZE,2002,55597
Czechia,CZE,2003,56075
Czechia,CZE,2004,53377
Czechia,CZE,2005,52681
Czechia,CZE,2006,50370
Czechia,CZE,2007,49404
Czechia,CZE,2008,49227
Czechia,CZE,2009,48865
Czechia,CZE,2010,48754
Czechia,CZE,2011,49113
Czechia,CZE,2012,49156
Czechia,CZE,2013,49017
Czechia,CZE,2014,48111
Czechia,CZE,2015,49031
Czechia,CZE,2016,48976
Czechia,CZE,2017,49510
Czechia,CZE,2018,51108
Czechia,CZE,2019,51294
Czechoslovakia,OWID_CZS,1990,
Czechoslovakia,OWID_CZS,1991,
Czechoslovakia,OWID_CZS,1992,
Democratic Republic of Congo,COD,1990,45379
Democratic Republic of Congo,COD,1991,47130
Democratic Republic of Congo,COD,1992,48592
Democratic Republic of Congo,COD,1993,49688
Democratic Republic of Congo,COD,1994,51231
Democratic Republic of Congo,COD,1995,53067
Democratic Republic of Congo,COD,1996,55624
Democratic Republic of Congo,COD,1997,55638
Democratic Republic of Congo,COD,1998,57099
Democratic Republic of Congo,COD,1999,58331
Democratic Republic of Congo,COD,2000,59918
Democratic Republic of Congo,COD,2001,61491
Democratic Republic of Congo,COD,2002,62388
Democratic Republic of Congo,COD,2003,64640
Democratic Republic of Congo,COD,2004,65620
Democratic Republic of Congo,COD,2005,66344
Democratic Republic of Congo,COD,2006,67799
Democratic Republic of Congo,COD,2007,69154
Democratic Republic of Congo,COD,2008,71085
Democratic Republic of Congo,COD,2009,72314
Democratic Republic of Congo,COD,2010,73336
Democratic Republic of Congo,COD,2011,75214
Democratic Republic of Congo,COD,2012,76980
Democratic Republic of Congo,COD,2013,78068
Democratic Republic of Congo,COD,2014,79431
Democratic Republic of Congo,COD,2015,80566
Democratic Republic of Congo,COD,2016,82152
Democratic Republic of Congo,COD,2017,84106
Democratic Republic of Congo,COD,2018,87204
Democratic Republic of Congo,COD,2019,89906
Denmark,DNK,1990,26872
Denmark,DNK,1991,26523
Denmark,DNK,1992,26617
Denmark,DNK,1993,26589
Denmark,DNK,1994,26169
Denmark,DNK,1995,25618
Denmark,DNK,1996,24444
Denmark,DNK,1997,23181
Denmark,DNK,1998,21902
Denmark,DNK,1999,21561
Denmark,DNK,2000,20688
Denmark,DNK,2001,20762
Denmark,DNK,2002,20444
Denmark,DNK,2003,19630
Denmark,DNK,2004,18708
Denmark,DNK,2005,17847
Denmark,DNK,2006,17380
Denmark,DNK,2007,16909
Denmark,DNK,2008,16250
Denmark,DNK,2009,15846
Denmark,DNK,2010,15291
Denmark,DNK,2011,14681
Denmark,DNK,2012,14343
Denmark,DNK,2013,14076
Denmark,DNK,2014,13837
Denmark,DNK,2015,13871
Denmark,DNK,2016,14307
Denmark,DNK,2017,14668
Denmark,DNK,2018,14986
Denmark,DNK,2019,15330
Djibouti,DJI,1990,337
Djibouti,DJI,1991,350
Djibouti,DJI,1992,368
Djibouti,DJI,1993,393
Djibouti,DJI,1994,404
Djibouti,DJI,1995,431
Djibouti,DJI,1996,450
Djibouti,DJI,1997,464
Djibouti,DJI,1998,490
Djibouti,DJI,1999,507
Djibouti,DJI,2000,524
Djibouti,DJI,2001,543
Djibouti,DJI,2002,569
Djibouti,DJI,2003,587
Djibouti,DJI,2004,632
Djibouti,DJI,2005,661
Djibouti,DJI,2006,686
Djibouti,DJI,2007,724
Djibouti,DJI,2008,759
Djibouti,DJI,2009,788
Djibouti,DJI,2010,831
Djibouti,DJI,2011,871
Djibouti,DJI,2012,912
Djibouti,DJI,2013,952
Djibouti,DJI,2014,976
Djibouti,DJI,2015,1025
Djibouti,DJI,2016,1065
Djibouti,DJI,2017,1121
Djibouti,DJI,2018,1183
Djibouti,DJI,2019,1240
Dominica,DMA,1990,257
Dominica,DMA,1991,261
Dominica,DMA,1992,254
Dominica,DMA,1993,253
Dominica,DMA,1994,254
Dominica,DMA,1995,253
Dominica,DMA,1996,253
Dominica,DMA,1997,249
Dominica,DMA,1998,246
Dominica,DMA,1999,251
Dominica,DMA,2000,249
Dominica,DMA,2001,245
Dominica,DMA,2002,245
Dominica,DMA,2003,245
Dominica,DMA,2004,238
Dominica,DMA,2005,234
Dominica,DMA,2006,234
Dominica,DMA,2007,235
Dominica,DMA,2008,233
Dominica,DMA,2009,231
Dominica,DMA,2010,232
Dominica,DMA,2011,233
Dominica,DMA,2012,235
Dominica,DMA,2013,237
Dominica,DMA,2014,239
Dominica,DMA,2015,240
Dominica,DMA,2016,239
Dominica,DMA,2017,239
Dominica,DMA,2018,240
Dominica,DMA,2019,242
Dominican Republic,DOM,1990,8464
Dominican Republic,DOM,1991,8462
Dominican Republic,DOM,1992,8482
Dominican Republic,DOM,1993,8776
Dominican Republic,DOM,1994,8885
Dominican Republic,DOM,1995,9252
Dominican Republic,DOM,1996,9955
Dominican Republic,DOM,1997,10686
Dominican Republic,DOM,1998,11255
Dominican Republic,DOM,1999,11823
Dominican Republic,DOM,2000,12124
Dominican Republic,DOM,2001,12571
Dominican Republic,DOM,2002,13079
Dominican Republic,DOM,2003,14321
Dominican Republic,DOM,2004,15930
Dominican Republic,DOM,2005,17011
Dominican Republic,DOM,2006,17684
Dominican Republic,DOM,2007,18249
Dominican Republic,DOM,2008,18895
Dominican Republic,DOM,2009,19697
Dominican Republic,DOM,2010,20355
Dominican Republic,DOM,2011,20901
Dominican Republic,DOM,2012,22242
Dominican Republic,DOM,2013,23891
Dominican Republic,DOM,2014,25223
Dominican Republic,DOM,2015,26439
Dominican Republic,DOM,2016,26925
Dominican Republic,DOM,2017,26911
Dominican Republic,DOM,2018,26955
Dominican Republic,DOM,2019,27140
East Asia,,1990,
East Asia,,1991,
East Asia,,1992,
East Asia,,1994,
East Asia,,1995,
East Asia,,1996,
East Asia,,1997,
East Asia,,1998,
East Asia,,1999,
East Asia,,2000,
East Asia,,2001,
East Asia,,2002,
East Asia,,2003,
East Asia,,2004,
East Asia,,2005,
East Asia,,2006,
East Asia,,2007,
East Asia,,2008,
East Asia,,2009,
East Asia,,2010,
East Asia,,2011,
East Asia,,2012,
East Asia,,2013,
East Asia,,2014,
East Asia,,2015,
East Asia,,2016,
East Asia,,2017,
East Asia & Pacific (WB),,1990,3612721
East Asia & Pacific (WB),,1991,3660204
East Asia & Pacific (WB),,1992,3712194
East Asia & Pacific (WB),,1993,3762374
East Asia & Pacific (WB),,1994,3788260
East Asia & Pacific (WB),,1995,3835809
East Asia & Pacific (WB),,1996,3894093
East Asia & Pacific (WB),,1997,3939337
East Asia & Pacific (WB),,1998,4019182
East Asia & Pacific (WB),,1999,4161252
East Asia & Pacific (WB),,2000,4330529
East Asia & Pacific (WB),,2001,4463611
East Asia & Pacific (WB),,2002,4622410
East Asia & Pacific (WB),,2003,4770513
East Asia & Pacific (WB),,2004,4934838
East Asia & Pacific (WB),,2005,5030785
East Asia & Pacific (WB),,2006,5020944
East Asia & Pacific (WB),,2007,5080052
East Asia & Pacific (WB),,2008,5226824
East Asia & Pacific (WB),,2009,5405248
East Asia & Pacific (WB),,2010,5602064
East Asia & Pacific (WB),,2011,5748705
East Asia & Pacific (WB),,2012,5820804
East Asia & Pacific (WB),,2013,5926964
East Asia & Pacific (WB),,2014,6035465
East Asia & Pacific (WB),,2015,6137124
East Asia & Pacific (WB),,2016,6294141
East Asia & Pacific (WB),,2017,6424939
East Asia & Pacific (WB),,2018,6558917
East Asia & Pacific (WB),,2019,6737347
East Germany (GDR),,1990,
East Timor,,2000,
East Timor,,2003,
East Timor,,2005,
East Timor,,2007,
East Timor,,2008,
Eastern Europe,,1990,
Eastern Europe,,1991,
Eastern Europe,,1992,
Eastern Europe,,1994,
Eastern Europe,,1995,
Eastern Europe,,1996,
Eastern Europe,,1997,
Eastern Europe,,1998,
Eastern Europe,,1999,
Eastern Europe,,2000,
Eastern Europe,,2001,
Eastern Europe,,2002,
Eastern Europe,,2003,
Eastern Europe,,2004,
Eastern Europe,,2005,
Eastern Europe,,2006,
Eastern Europe,,2007,
Eastern Europe,,2008,
Eastern Europe,,2009,
Eastern Europe,,2010,
Eastern Europe,,2011,
Eastern Europe,,2012,
Eastern Europe,,2013,
Eastern Europe,,2014,
Eastern Europe,,2015,
Eastern Europe,,2016,
Eastern Europe,,2017,
Eastern Mediterranean Region (WHO),,1990,735548
Eastern Mediterranean Region (WHO),,1991,752600
Eastern Mediterranean Region (WHO),,1992,773067
Eastern Mediterranean Region (WHO),,1993,797438
Eastern Mediterranean Region (WHO),,1994,820541
Eastern Mediterranean Region (WHO),,1995,841447
Eastern Mediterranean Region (WHO),,1996,859691
Eastern Mediterranean Region (WHO),,1997,881944
Eastern Mediterranean Region (WHO),,1998,899449
Eastern Mediterranean Region (WHO),,1999,916187
Eastern Mediterranean Region (WHO),,2000,923713
Eastern Mediterranean Region (WHO),,2001,946873
Eastern Mediterranean Region (WHO),,2002,970507
Eastern Mediterranean Region (WHO),,2003,995166
Eastern Mediterranean Region (WHO),,2004,1009183
Eastern Mediterranean Region (WHO),,2005,1021498
Eastern Mediterranean Region (WHO),,2006,1037666
Eastern Mediterranean Region (WHO),,2007,1052818
Eastern Mediterranean Region (WHO),,2008,1075590
Eastern Mediterranean Region (WHO),,2009,1096521
Eastern Mediterranean Region (WHO),,2010,1115520
Eastern Mediterranean Region (WHO),,2011,1133173
Eastern Mediterranean Region (WHO),,2012,1159792
Eastern Mediterranean Region (WHO),,2013,1187882
Eastern Mediterranean Region (WHO),,2014,1214418
Eastern Mediterranean Region (WHO),,2015,1254187
Eastern Mediterranean Region (WHO),,2016,1282864
Eastern Mediterranean Region (WHO),,2017,1309941
Eastern Mediterranean Region (WHO),,2018,1341112
Eastern Mediterranean Region (WHO),,2019,1374977
Ecuador,ECU,1990,10142
Ecuador,ECU,1991,10982
Ecuador,ECU,1992,10971
Ecuador,ECU,1993,10889
Ecuador,ECU,1994,10895
Ecuador,ECU,1995,10718
Ecuador,ECU,1996,11082
Ecuador,ECU,1997,10609
Ecuador,ECU,1998,11050
Ecuador,ECU,1999,11359
Ecuador,ECU,2000,11488
Ecuador,ECU,2001,11382
Ecuador,ECU,2002,12815
Ecuador,ECU,2003,13616
Ecuador,ECU,2004,14160
Ecuador,ECU,2005,15031
Ecuador,ECU,2006,15516
Ecuador,ECU,2007,15814
Ecuador,ECU,2008,16177
Ecuador,ECU,2009,16361
Ecuador,ECU,2010,16791
Ecuador,ECU,2011,16936
Ecuador,ECU,2012,17911
Ecuador,ECU,2013,18703
Ecuador,ECU,2014,19146
Ecuador,ECU,2015,19221
Ecuador,ECU,2016,20062
Ecuador,ECU,2017,20810
Ecuador,ECU,2018,21330
Ecuador,ECU,2019,21464
Egypt,EGY,2008,207451
Egypt,EGY,2009,214374
Egypt,EGY,2010,219382
Egypt,EGY,2011,221812
Egypt,EGY,2014,236288
Egypt,EGY,2015,251445
Egypt,EGY,2016,255662
Egypt,EGY,1990,156674
Egypt,EGY,1991,156391
Egypt,EGY,1992,155190
Egypt,EGY,1993,160199
Egypt,EGY,1994,164016
Egypt,EGY,1995,162510
Egypt,EGY,1996,163709
Egypt,EGY,1997,167701
Egypt,EGY,1998,170232
Egypt,EGY,1999,171454
Egypt,EGY,2000,166895
Egypt,EGY,2001,177263
Egypt,EGY,2002,186203
Egypt,EGY,2003,196452
Egypt,EGY,2004,197750
Egypt,EGY,2005,197027
Egypt,EGY,2006,199763
Egypt,EGY,2007,201143
Egypt,EGY,2012,231012
Egypt,EGY,2013,229434
Egypt,EGY,2017,254927
Egypt,EGY,2018,259239
Egypt,EGY,2019,263873
El Salvador,SLV,1990,6256
El Salvador,SLV,1991,6269
El Salvador,SLV,1992,6501
El Salvador,SLV,1993,6693
El Salvador,SLV,1994,6818
El Salvador,SLV,1995,6615
El Salvador,SLV,1996,6511
El Salvador,SLV,1997,6589
El Salvador,SLV,1998,6971
El Salvador,SLV,1999,6610
El Salvador,SLV,2000,6613
El Salvador,SLV,2001,6611
El Salvador,SLV,2002,6459
El Salvador,SLV,2003,6756
El Salvador,SLV,2004,7091
El Salvador,SLV,2005,7233
El Salvador,SLV,2006,7355
El Salvador,SLV,2007,7381
El Salvador,SLV,2008,7325
El Salvador,SLV,2009,7803
El Salvador,SLV,2010,7525
El Salvador,SLV,2011,7845
El Salvador,SLV,2012,7551
El Salvador,SLV,2013,8124
El Salvador,SLV,2014,8896
El Salvador,SLV,2015,9073
El Salvador,SLV,2016,9087
El Salvador,SLV,2017,9273
El Salvador,SLV,2018,9456
El Salvador,SLV,2019,9695
England,,1990,239024
England,,1991,236336
England,,1992,232659
England,,1993,231058
England,,1994,223474
England,,1995,221492
England,,1996,216791
England,,1997,211234
England,,1998,207952
England,,1999,204049
England,,2000,196592
England,,2001,191541
England,,2002,189226
England,,2003,184816
England,,2004,175130
England,,2005,168413
England,,2006,162608
England,,2007,157970
England,,2008,154554
England,,2009,148861
England,,2010,146493
England,,2011,144598
England,,2012,145821
England,,2013,146439
England,,2014,144932
England,,2015,145885
England,,2016,144616
England,,2017,144867
England,,2018,150402
England,,2019,153285
Equatorial Guinea,GNQ,2007,652
Equatorial Guinea,GNQ,2010,699
Equatorial Guinea,GNQ,2014,774
Equatorial Guinea,GNQ,1990,701
Equatorial Guinea,GNQ,1991,703
Equatorial Guinea,GNQ,1992,700
Equatorial Guinea,GNQ,1993,705
Equatorial Guinea,GNQ,1994,709
Equatorial Guinea,GNQ,1995,719
Equatorial Guinea,GNQ,1996,728
Equatorial Guinea,GNQ,1997,698
Equatorial Guinea,GNQ,1998,684
Equatorial Guinea,GNQ,1999,674
Equatorial Guinea,GNQ,2000,662
Equatorial Guinea,GNQ,2001,640
Equatorial Guinea,GNQ,2002,620
Equatorial Guinea,GNQ,2003,623
Equatorial Guinea,GNQ,2004,628
Equatorial Guinea,GNQ,2005,632
Equatorial Guinea,GNQ,2006,645
Equatorial Guinea,GNQ,2008,663
Equatorial Guinea,GNQ,2009,680
Equatorial Guinea,GNQ,2011,730
Equatorial Guinea,GNQ,2012,747
Equatorial Guinea,GNQ,2013,756
Equatorial Guinea,GNQ,2015,812
Equatorial Guinea,GNQ,2016,859
Equatorial Guinea,GNQ,2017,897
Equatorial Guinea,GNQ,2018,931
Equatorial Guinea,GNQ,2019,960
Eritrea,ERI,1990,2867
Eritrea,ERI,1991,2842
Eritrea,ERI,1992,2921
Eritrea,ERI,1993,3035
Eritrea,ERI,1994,3205
Eritrea,ERI,1995,3424
Eritrea,ERI,1996,3470
Eritrea,ERI,1997,3527
Eritrea,ERI,1998,3540
Eritrea,ERI,1999,3601
Eritrea,ERI,2000,3686
Eritrea,ERI,2001,3776
Eritrea,ERI,2002,4017
Eritrea,ERI,2003,4169
Eritrea,ERI,2004,4321
Eritrea,ERI,2005,4450
Eritrea,ERI,2006,4588
Eritrea,ERI,2007,4729
Eritrea,ERI,2008,4890
Eritrea,ERI,2009,5024
Eritrea,ERI,2010,5153
Eritrea,ERI,2011,5275
Eritrea,ERI,2012,5431
Eritrea,ERI,2013,5578
Eritrea,ERI,2014,5705
Eritrea,ERI,2015,5892
Eritrea,ERI,2016,6045
Eritrea,ERI,2017,6233
Eritrea,ERI,2018,6446
Eritrea,ERI,2019,6660
Estonia,EST,1990,11068
Estonia,EST,1991,11356
Estonia,EST,1992,11120
Estonia,EST,1993,11721
Estonia,EST,1994,12227
Estonia,EST,1995,11472
Estonia,EST,1996,10265
Estonia,EST,1997,10144
Estonia,EST,1998,10539
Estonia,EST,1999,10049
Estonia,EST,2000,9971
Estonia,EST,2001,10153
Estonia,EST,2002,9826
Estonia,EST,2003,9615
Estonia,EST,2004,9350
Estonia,EST,2005,9133
Estonia,EST,2006,8969
Estonia,EST,2007,8947
Estonia,EST,2008,8464
Estonia,EST,2009,8195
Estonia,EST,2010,7720
Estonia,EST,2011,7795
Estonia,EST,2012,7757
Estonia,EST,2013,7602
Estonia,EST,2014,7673
Estonia,EST,2015,7510
Estonia,EST,2016,7810
Estonia,EST,2017,7977
Estonia,EST,2018,8125
Estonia,EST,2019,8201
Eswatini,SWZ,1990,840
Eswatini,SWZ,1991,858
Eswatini,SWZ,1992,864
Eswatini,SWZ,1993,868
Eswatini,SWZ,1994,893
Eswatini,SWZ,1995,936
Eswatini,SWZ,1996,982
Eswatini,SWZ,1997,1006
Eswatini,SWZ,1998,1062
Eswatini,SWZ,1999,1121
Eswatini,SWZ,2000,1214
Eswatini,SWZ,2001,1284
Eswatini,SWZ,2002,1352
Eswatini,SWZ,2003,1395
Eswatini,SWZ,2004,1435
Eswatini,SWZ,2005,1461
Eswatini,SWZ,2006,1454
Eswatini,SWZ,2007,1458
Eswatini,SWZ,2008,1465
Eswatini,SWZ,2009,1470
Eswatini,SWZ,2010,1452
Eswatini,SWZ,2011,1433
Eswatini,SWZ,2012,1435
Eswatini,SWZ,2013,1434
Eswatini,SWZ,2014,1430
Eswatini,SWZ,2015,1433
Eswatini,SWZ,2016,1441
Eswatini,SWZ,2017,1457
Eswatini,SWZ,2018,1483
Eswatini,SWZ,2019,1519
Ethiopia,ETH,2007,61367
Ethiopia,ETH,2008,61416
Ethiopia,ETH,2009,61526
Ethiopia,ETH,1990,60663
Ethiopia,ETH,1991,61425
Ethiopia,ETH,1992,62838
Ethiopia,ETH,1993,63663
Ethiopia,ETH,1994,64190
Ethiopia,ETH,1995,64609
Ethiopia,ETH,1996,64360
Ethiopia,ETH,1997,64559
Ethiopia,ETH,1998,64758
Ethiopia,ETH,1999,64620
Ethiopia,ETH,2000,63390
Ethiopia,ETH,2001,62314
Ethiopia,ETH,2002,61726
Ethiopia,ETH,2003,61522
Ethiopia,ETH,2004,61553
Ethiopia,ETH,2005,61546
Ethiopia,ETH,2006,61483
Ethiopia,ETH,2010,61463
Ethiopia,ETH,2011,62813
Ethiopia,ETH,2012,64155
Ethiopia,ETH,2013,65156
Ethiopia,ETH,2014,66729
Ethiopia,ETH,2015,68412
Ethiopia,ETH,2016,70165
Ethiopia,ETH,2017,72151
Ethiopia,ETH,2018,74607
Ethiopia,ETH,2019,76975
Europe & Central Asia (WB),,1990,4036227
Europe & Central Asia (WB),,1991,4086676
Europe & Central Asia (WB),,1992,4169490
Europe & Central Asia (WB),,1993,4390804
Europe & Central Asia (WB),,1994,4518207
Europe & Central Asia (WB),,1995,4503425
Europe & Central Asia (WB),,1996,4425406
Europe & Central Asia (WB),,1997,4353636
Europe & Central Asia (WB),,1998,4305959
Europe & Central Asia (WB),,1999,4386631
Europe & Central Asia (WB),,2000,4398806
Europe & Central Asia (WB),,2001,4407105
Europe & Central Asia (WB),,2002,4470818
Europe & Central Asia (WB),,2003,4491760
Europe & Central Asia (WB),,2004,4401406
Europe & Central Asia (WB),,2005,4449978
Europe & Central Asia (WB),,2006,4313126
Europe & Central Asia (WB),,2007,4257715
Europe & Central Asia (WB),,2008,4252193
Europe & Central Asia (WB),,2009,4160313
Europe & Central Asia (WB),,2010,4147008
Europe & Central Asia (WB),,2011,4054936
Europe & Central Asia (WB),,2012,4038866
Europe & Central Asia (WB),,2013,4006647
Europe & Central Asia (WB),,2014,3995200
Europe & Central Asia (WB),,2015,4087572
Europe & Central Asia (WB),,2016,4067394
Europe & Central Asia (WB),,2017,4056046
Europe & Central Asia (WB),,2018,4126815
Europe & Central Asia (WB),,2019,4185904
European Region (WHO),,1990,4059183
European Region (WHO),,1991,4110322
European Region (WHO),,1992,4194274
European Region (WHO),,1993,4415766
European Region (WHO),,1994,4543350
European Region (WHO),,1995,4528878
European Region (WHO),,1996,4450701
European Region (WHO),,1997,4378807
European Region (WHO),,1998,4331267
European Region (WHO),,1999,4411563
European Region (WHO),,2000,4423547
European Region (WHO),,2001,4431761
European Region (WHO),,2002,4495748
European Region (WHO),,2003,4516526
European Region (WHO),,2004,4425760
European Region (WHO),,2005,4474524
European Region (WHO),,2006,4337759
European Region (WHO),,2007,4282667
European Region (WHO),,2008,4276564
European Region (WHO),,2009,4184549
European Region (WHO),,2010,4171252
European Region (WHO),,2011,4079414
European Region (WHO),,2012,4063606
European Region (WHO),,2013,4031293
European Region (WHO),,2014,4020270
European Region (WHO),,2015,4113345
European Region (WHO),,2016,4093446
European Region (WHO),,2017,4082669
European Region (WHO),,2018,4154066
European Region (WHO),,2019,4213688
Fiji,FJI,1990,1645
Fiji,FJI,1991,1679
Fiji,FJI,1992,1706
Fiji,FJI,1993,1742
Fiji,FJI,1994,1772
Fiji,FJI,1995,1801
Fiji,FJI,1996,1849
Fiji,FJI,1997,1877
Fiji,FJI,1998,1833
Fiji,FJI,1999,1954
Fiji,FJI,2000,2020
Fiji,FJI,2001,1980
Fiji,FJI,2002,1958
Fiji,FJI,2003,1991
Fiji,FJI,2004,1926
Fiji,FJI,2005,1982
Fiji,FJI,2006,2063
Fiji,FJI,2007,2132
Fiji,FJI,2008,2196
Fiji,FJI,2009,2187
Fiji,FJI,2010,2237
Fiji,FJI,2011,2274
Fiji,FJI,2012,2321
Fiji,FJI,2013,2366
Fiji,FJI,2014,2421
Fiji,FJI,2015,2472
Fiji,FJI,2016,2516
Fiji,FJI,2017,2565
Fiji,FJI,2018,2603
Fiji,FJI,2019,2642
Finland,FIN,1990,24657
Finland,FIN,1991,24334
Finland,FIN,1992,24417
Finland,FIN,1993,24274
Finland,FIN,1994,23275
Finland,FIN,1995,23322
Finland,FIN,1996,23117
Finland,FIN,1997,23044
Finland,FIN,1998,22752
Finland,FIN,1999,22542
Finland,FIN,2000,22508
Finland,FIN,2001,22348
Finland,FIN,2002,22525
Finland,FIN,2003,22410
Finland,FIN,2004,22077
Finland,FIN,2005,22009
Finland,FIN,2006,21976
Finland,FIN,2007,22186
Finland,FIN,2008,22278
Finland,FIN,2009,22449
Finland,FIN,2010,22765
Finland,FIN,2011,22836
Finland,FIN,2012,23045
Finland,FIN,2013,23214
Finland,FIN,2014,23336
Finland,FIN,2015,23473
Finland,FIN,2016,23815
Finland,FIN,2017,24362
Finland,FIN,2018,24871
Finland,FIN,2019,25383
France,FRA,1990,172186
France,FRA,1991,169588
France,FRA,1992,167291
France,FRA,1993,167072
France,FRA,1994,164690
France,FRA,1995,165357
France,FRA,1996,166061
France,FRA,1997,163930
France,FRA,1998,164417
France,FRA,1999,163565
France,FRA,2000,161160
France,FRA,2001,160172
France,FRA,2002,160175
France,FRA,2003,159153
France,FRA,2004,151611
France,FRA,2005,150426
France,FRA,2006,148618
France,FRA,2007,147659
France,FRA,2008,148533
France,FRA,2009,148591
France,FRA,2010,147786
France,FRA,2011,147571
France,FRA,2012,149170
France,FRA,2013,148281
France,FRA,2014,146793
France,FRA,2015,151427
France,FRA,2016,152387
France,FRA,2017,157291
France,FRA,2018,161856
France,FRA,2019,166496
French Guiana,GUF,1996,
French Guiana,GUF,1997,
French Polynesia,PYF,1995,
G20,,1990,9055333
G20,,1991,9145242
G20,,1992,9268002
G20,,1993,9522285
G20,,1994,9650792
G20,,1995,9663106
G20,,1996,9705649
G20,,1997,9800042
G20,,1998,9884640
G20,,1999,10055923
G20,,2000,10223302
G20,,2001,10388200
G20,,2002,10600916
G20,,2003,10727526
G20,,2004,10693129
G20,,2005,10861152
G20,,2006,10815971
G20,,2007,10888267
G20,,2008,11106784
G20,,2009,11220207
G20,,2010,11447817
G20,,2011,11608496
G20,,2012,11754601
G20,,2013,11928083
G20,,2014,12082210
G20,,2015,12287640
G20,,2016,12514511
G20,,2017,12694296
G20,,2018,13003836
G20,,2019,13333622
Gabon,GAB,1990,1790
Gabon,GAB,1991,1802
Gabon,GAB,1992,1822
Gabon,GAB,1993,1841
Gabon,GAB,1994,1890
Gabon,GAB,1995,1947
Gabon,GAB,1996,1989
Gabon,GAB,1997,1993
Gabon,GAB,1998,2010
Gabon,GAB,1999,2031
Gabon,GAB,2000,2074
Gabon,GAB,2001,2112
Gabon,GAB,2002,2110
Gabon,GAB,2003,2155
Gabon,GAB,2004,2180
Gabon,GAB,2005,2166
Gabon,GAB,2006,2201
Gabon,GAB,2007,2215
Gabon,GAB,2008,2260
Gabon,GAB,2009,2257
Gabon,GAB,2010,2237
Gabon,GAB,2011,2268
Gabon,GAB,2012,2271
Gabon,GAB,2013,2276
Gabon,GAB,2014,2301
Gabon,GAB,2015,2349
Gabon,GAB,2016,2399
Gabon,GAB,2017,2454
Gabon,GAB,2018,2501
Gabon,GAB,2019,2541
Gambia,GMB,2007,1788
Gambia,GMB,2008,1801
Gambia,GMB,2009,1885
Gambia,GMB,2012,1946
Gambia,GMB,1990,829
Gambia,GMB,1991,864
Gambia,GMB,1992,912
Gambia,GMB,1993,924
Gambia,GMB,1994,954
Gambia,GMB,1995,1051
Gambia,GMB,1996,1039
Gambia,GMB,1997,1084
Gambia,GMB,1998,1165
Gambia,GMB,1999,1271
Gambia,GMB,2000,1267
Gambia,GMB,2001,1294
Gambia,GMB,2002,1370
Gambia,GMB,2003,1452
Gambia,GMB,2004,1605
Gambia,GMB,2005,1690
Gambia,GMB,2006,1730
Gambia,GMB,2010,1925
Gambia,GMB,2011,1879
Gambia,GMB,2013,2032
Gambia,GMB,2014,2189
Gambia,GMB,2015,2222
Gambia,GMB,2016,2343
Gambia,GMB,2017,2489
Gambia,GMB,2018,2537
Gambia,GMB,2019,2603
Georgia,GEO,1990,35627
Georgia,GEO,1991,36558
Georgia,GEO,1992,37419
Georgia,GEO,1993,36601
Georgia,GEO,1994,37001
Georgia,GEO,1995,33694
Georgia,GEO,1996,31898
Georgia,GEO,1997,32993
Georgia,GEO,1998,34497
Georgia,GEO,1999,35724
Georgia,GEO,2000,36520
Georgia,GEO,2001,36458
Georgia,GEO,2002,38037
Georgia,GEO,2003,38698
Georgia,GEO,2004,38606
Georgia,GEO,2005,37587
Georgia,GEO,2006,35891
Georgia,GEO,2007,33079
Georgia,GEO,2008,32330
Georgia,GEO,2009,32977
Georgia,GEO,2010,33273
Georgia,GEO,2011,32700
Georgia,GEO,2012,31229
Georgia,GEO,2013,29960
Georgia,GEO,2014,29463
Georgia,GEO,2015,29325
Georgia,GEO,2016,30218
Georgia,GEO,2017,30238
Georgia,GEO,2018,29969
Georgia,GEO,2019,29709
Germany,DEU,1990,451910
Germany,DEU,1991,440461
Germany,DEU,1992,426722
Germany,DEU,1993,421118
Germany,DEU,1994,414617
Germany,DEU,1995,409254
Germany,DEU,1996,401330
Germany,DEU,1997,389043
Germany,DEU,1998,378220
Germany,DEU,1999,369813
Germany,DEU,2000,357679
Germany,DEU,2001,348711
Germany,DEU,2002,346347
Germany,DEU,2003,342145
Germany,DEU,2004,330795
Germany,DEU,2005,326879
Germany,DEU,2006,321684
Germany,DEU,2007,318687
Germany,DEU,2008,317372
Germany,DEU,2009,318239
Germany,DEU,2010,319114
Germany,DEU,2011,318181
Germany,DEU,2012,323295
Germany,DEU,2013,330674
Germany,DEU,2014,331809
Germany,DEU,2015,345971
Germany,DEU,2016,349510
Germany,DEU,2017,350343
Germany,DEU,2018,355562
Germany,DEU,2019,364285
Ghana,GHA,1990,15963
Ghana,GHA,1991,16268
Ghana,GHA,1992,16658
Ghana,GHA,1993,16910
Ghana,GHA,1994,17273
Ghana,GHA,1995,17730
Ghana,GHA,1996,18436
Ghana,GHA,1997,19373
Ghana,GHA,1998,20025
Ghana,GHA,1999,20930
Ghana,GHA,2000,21908
Ghana,GHA,2001,22899
Ghana,GHA,2002,23924
Ghana,GHA,2003,24687
Ghana,GHA,2004,25574
Ghana,GHA,2005,26544
Ghana,GHA,2006,27628
Ghana,GHA,2007,28546
Ghana,GHA,2008,29368
Ghana,GHA,2009,30267
Ghana,GHA,2010,31162
Ghana,GHA,2011,32071
Ghana,GHA,2012,32837
Ghana,GHA,2013,33638
Ghana,GHA,2014,34446
Ghana,GHA,2015,35860
Ghana,GHA,2016,36915
Ghana,GHA,2017,37991
Ghana,GHA,2018,38648
Ghana,GHA,2019,39650
Greece,GRC,1990,45678
Greece,GRC,1991,46304
Greece,GRC,1992,47068
Greece,GRC,1993,46931
Greece,GRC,1994,47482
Greece,GRC,1995,48195
Greece,GRC,1996,48429
Greece,GRC,1997,48387
Greece,GRC,1998,49152
Greece,GRC,1999,49462
Greece,GRC,2000,49187
Greece,GRC,2001,48892
Greece,GRC,2002,48768
Greece,GRC,2003,48605
Greece,GRC,2004,47801
Greece,GRC,2005,47038
Greece,GRC,2006,46733
Greece,GRC,2007,48050
Greece,GRC,2008,47016
Greece,GRC,2009,47236
Greece,GRC,2010,47087
Greece,GRC,2011,48147
Greece,GRC,2012,49105
Greece,GRC,2013,47887
Greece,GRC,2014,47176
Greece,GRC,2015,48018
Greece,GRC,2016,48832
Greece,GRC,2017,50809
Greece,GRC,2018,54042
Greece,GRC,2019,55921
Greenland,GRL,1990,110
Greenland,GRL,1991,111
Greenland,GRL,1992,112
Greenland,GRL,1993,119
Greenland,GRL,1994,120
Greenland,GRL,1995,121
Greenland,GRL,1996,120
Greenland,GRL,1997,120
Greenland,GRL,1998,119
Greenland,GRL,1999,118
Greenland,GRL,2000,116
Greenland,GRL,2001,115
Greenland,GRL,2002,116
Greenland,GRL,2003,112
Greenland,GRL,2004,105
Greenland,GRL,2005,106
Greenland,GRL,2006,107
Greenland,GRL,2007,107
Greenland,GRL,2008,108
Greenland,GRL,2009,108
Greenland,GRL,2010,109
Greenland,GRL,2011,111
Greenland,GRL,2012,112
Greenland,GRL,2013,112
Greenland,GRL,2014,113
Greenland,GRL,2015,113
Greenland,GRL,2016,116
Greenland,GRL,2017,119
Greenland,GRL,2018,121
Greenland,GRL,2019,123
Grenada,GRD,1990,339
Grenada,GRD,1991,325
Grenada,GRD,1992,321
Grenada,GRD,1993,319
Grenada,GRD,1994,304
Grenada,GRD,1995,288
Grenada,GRD,1996,267
Grenada,GRD,1997,256
Grenada,GRD,1998,247
Grenada,GRD,1999,246
Grenada,GRD,2000,242
Grenada,GRD,2001,237
Grenada,GRD,2002,236
Grenada,GRD,2003,232
Grenada,GRD,2004,232
Grenada,GRD,2005,230
Grenada,GRD,2006,228
Grenada,GRD,2007,228
Grenada,GRD,2008,232
Grenada,GRD,2009,235
Grenada,GRD,2010,237
Grenada,GRD,2011,237
Grenada,GRD,2012,229
Grenada,GRD,2013,234
Grenada,GRD,2014,239
Grenada,GRD,2015,241
Grenada,GRD,2016,257
Grenada,GRD,2017,258
Grenada,GRD,2018,261
Grenada,GRD,2019,263
Guadeloupe,GLP,1991,
Guam,GUM,1990,215
Guam,GUM,1991,227
Guam,GUM,1992,235
Guam,GUM,1993,241
Guam,GUM,1994,243
Guam,GUM,1995,238
Guam,GUM,1996,237
Guam,GUM,1997,245
Guam,GUM,1998,253
Guam,GUM,1999,266
Guam,GUM,2000,277
Guam,GUM,2001,287
Guam,GUM,2002,296
Guam,GUM,2003,297
Guam,GUM,2004,292
Guam,GUM,2005,283
Guam,GUM,2006,292
Guam,GUM,2007,300
Guam,GUM,2008,313
Guam,GUM,2009,329
Guam,GUM,2010,338
Guam,GUM,2011,343
Guam,GUM,2012,362
Guam,GUM,2013,385
Guam,GUM,2014,403
Guam,GUM,2015,417
Guam,GUM,2016,432
Guam,GUM,2017,444
Guam,GUM,2018,454
Guam,GUM,2019,474
Guatemala,GTM,1990,7296
Guatemala,GTM,1991,7858
Guatemala,GTM,1992,8268
Guatemala,GTM,1993,8566
Guatemala,GTM,1994,8570
Guatemala,GTM,1995,7901
Guatemala,GTM,1996,7684
Guatemala,GTM,1997,8034
Guatemala,GTM,1998,8327
Guatemala,GTM,1999,8125
Guatemala,GTM,2000,8101
Guatemala,GTM,2001,8087
Guatemala,GTM,2002,7997
Guatemala,GTM,2003,8194
Guatemala,GTM,2004,8503
Guatemala,GTM,2005,8762
Guatemala,GTM,2006,9098
Guatemala,GTM,2007,9366
Guatemala,GTM,2008,9708
Guatemala,GTM,2009,10410
Guatemala,GTM,2010,11130
Guatemala,GTM,2011,11788
Guatemala,GTM,2012,12303
Guatemala,GTM,2013,12837
Guatemala,GTM,2014,13352
Guatemala,GTM,2015,13889
Guatemala,GTM,2016,14386
Guatemala,GTM,2017,14776
Guatemala,GTM,2018,15251
Guatemala,GTM,2019,15882
Guinea,GIN,1990,8441
Guinea,GIN,1991,8624
Guinea,GIN,1992,8852
Guinea,GIN,1993,9085
Guinea,GIN,1994,9384
Guinea,GIN,1995,9626
Guinea,GIN,1996,9875
Guinea,GIN,1997,10158
Guinea,GIN,1998,10504
Guinea,GIN,1999,10826
Guinea,GIN,2000,11087
Guinea,GIN,2001,11382
Guinea,GIN,2002,11729
Guinea,GIN,2003,11925
Guinea,GIN,2004,12250
Guinea,GIN,2005,12545
Guinea,GIN,2006,12935
Guinea,GIN,2007,13162
Guinea,GIN,2008,13358
Guinea,GIN,2009,13634
Guinea,GIN,2010,13871
Guinea,GIN,2011,14022
Guinea,GIN,2012,14176
Guinea,GIN,2013,14307
Guinea,GIN,2014,14479
Guinea,GIN,2015,14680
Guinea,GIN,2016,14657
Guinea,GIN,2017,14614
Guinea,GIN,2018,14650
Guinea,GIN,2019,14547
Guinea-Bissau,GNB,1990,1418
Guinea-Bissau,GNB,1991,1426
Guinea-Bissau,GNB,1992,1437
Guinea-Bissau,GNB,1993,1447
Guinea-Bissau,GNB,1994,1458
Guinea-Bissau,GNB,1995,1471
Guinea-Bissau,GNB,1996,1487
Guinea-Bissau,GNB,1997,1498
Guinea-Bissau,GNB,1998,1521
Guinea-Bissau,GNB,1999,1542
Guinea-Bissau,GNB,2000,1566
Guinea-Bissau,GNB,2001,1596
Guinea-Bissau,GNB,2002,1636
Guinea-Bissau,GNB,2003,1672
Guinea-Bissau,GNB,2004,1727
Guinea-Bissau,GNB,2005,1750
Guinea-Bissau,GNB,2006,1787
Guinea-Bissau,GNB,2007,1832
Guinea-Bissau,GNB,2008,1866
Guinea-Bissau,GNB,2009,1903
Guinea-Bissau,GNB,2010,1930
Guinea-Bissau,GNB,2011,1957
Guinea-Bissau,GNB,2012,1987
Guinea-Bissau,GNB,2013,2018
Guinea-Bissau,GNB,2014,2055
Guinea-Bissau,GNB,2015,2100
Guinea-Bissau,GNB,2016,2135
Guinea-Bissau,GNB,2017,2166
Guinea-Bissau,GNB,2018,2183
Guinea-Bissau,GNB,2019,2214
Guyana,GUY,1990,2326
Guyana,GUY,1991,2193
Guyana,GUY,1992,2112
Guyana,GUY,1993,2207
Guyana,GUY,1994,2155
Guyana,GUY,1995,2144
Guyana,GUY,1996,2127
Guyana,GUY,1997,2050
Guyana,GUY,1998,1979
Guyana,GUY,1999,1843
Guyana,GUY,2000,1868
Guyana,GUY,2001,1897
Guyana,GUY,2002,1949
Guyana,GUY,2003,1978
Guyana,GUY,2004,2005
Guyana,GUY,2005,1991
Guyana,GUY,2006,1973
Guyana,GUY,2007,2029
Guyana,GUY,2008,2070
Guyana,GUY,2009,2078
Guyana,GUY,2010,2131
Guyana,GUY,2011,2150
Guyana,GUY,2012,2204
Guyana,GUY,2013,2221
Guyana,GUY,2014,2281
Guyana,GUY,2015,2292
Guyana,GUY,2016,2322
Guyana,GUY,2017,2362
Guyana,GUY,2018,2404
Guyana,GUY,2019,2430
Haiti,HTI,1990,16501
Haiti,HTI,1991,16419
Haiti,HTI,1992,16594
Haiti,HTI,1993,16754
Haiti,HTI,1994,16809
Haiti,HTI,1995,16874
Haiti,HTI,1996,16775
Haiti,HTI,1997,16936
Haiti,HTI,1998,16802
Haiti,HTI,1999,17085
Haiti,HTI,2000,17387
Haiti,HTI,2001,17805
Haiti,HTI,2002,18159
Haiti,HTI,2003,18651
Haiti,HTI,2004,19171
Haiti,HTI,2005,19662
Haiti,HTI,2006,20115
Haiti,HTI,2007,20619
Haiti,HTI,2008,21069
Haiti,HTI,2009,21515
Haiti,HTI,2010,21647
Haiti,HTI,2011,22077
Haiti,HTI,2012,22631
Haiti,HTI,2013,23152
Haiti,HTI,2014,23691
Haiti,HTI,2015,24296
Haiti,HTI,2016,24801
Haiti,HTI,2017,25322
Haiti,HTI,2018,25921
Haiti,HTI,2019,26468
Honduras,HND,1990,4455
Honduras,HND,1991,4532
Honduras,HND,1992,4902
Honduras,HND,1993,5011
Honduras,HND,1994,5159
Honduras,HND,1995,5819
Honduras,HND,1996,6355
Honduras,HND,1997,6500
Honduras,HND,1998,6639
Honduras,HND,1999,6807
Honduras,HND,2000,6998
Honduras,HND,2001,7224
Honduras,HND,2002,7463
Honduras,HND,2003,7712
Honduras,HND,2004,7997
Honduras,HND,2005,8247
Honduras,HND,2006,8529
Honduras,HND,2007,8836
Honduras,HND,2008,9275
Honduras,HND,2009,9845
Honduras,HND,2010,10559
Honduras,HND,2011,11617
Honduras,HND,2012,12737
Honduras,HND,2013,13055
Honduras,HND,2014,13310
Honduras,HND,2015,13586
Honduras,HND,2016,13893
Honduras,HND,2017,14242
Honduras,HND,2018,14619
Honduras,HND,2019,15015
Hong Kong,HKG,1990,
Hong Kong,HKG,1991,
Hong Kong,HKG,1992,
Hong Kong,HKG,1994,
Hong Kong,HKG,1995,
Hong Kong,HKG,1996,
Hong Kong,HKG,2000,
Hong Kong,HKG,2001,
Hong Kong,HKG,2005,
Hong Kong,HKG,2008,
Hungary,HUN,1990,71986
Hungary,HUN,1991,71311
Hungary,HUN,1992,73052
Hungary,HUN,1993,73185
Hungary,HUN,1994,71259
Hungary,HUN,1995,70774
Hungary,HUN,1996,68068
Hungary,HUN,1997,67646
Hungary,HUN,1998,68265
Hungary,HUN,1999,68110
Hungary,HUN,2000,64750
Hungary,HUN,2001,62846
Hungary,HUN,2002,62901
Hungary,HUN,2003,63277
Hungary,HUN,2004,62352
Hungary,HUN,2005,63351
Hungary,HUN,2006,61740
Hungary,HUN,2007,62201
Hungary,HUN,2008,60527
Hungary,HUN,2009,61143
Hungary,HUN,2010,60907
Hungary,HUN,2011,60769
Hungary,HUN,2012,60657
Hungary,HUN,2013,59632
Hungary,HUN,2014,60026
Hungary,HUN,2015,61730
Hungary,HUN,2016,60133
Hungary,HUN,2017,61561
Hungary,HUN,2018,62751
Hungary,HUN,2019,61818
Iceland,ISL,1990,760
Iceland,ISL,1991,765
Iceland,ISL,1992,768
Iceland,ISL,1993,768
Iceland,ISL,1994,777
Iceland,ISL,1995,780
Iceland,ISL,1996,774
Iceland,ISL,1997,768
Iceland,ISL,1998,757
Iceland,ISL,1999,735
Iceland,ISL,2000,710
Iceland,ISL,2001,709
Iceland,ISL,2002,710
Iceland,ISL,2003,698
Iceland,ISL,2004,689
Iceland,ISL,2005,684
Iceland,ISL,2006,690
Iceland,ISL,2007,688
Iceland,ISL,2008,677
Iceland,ISL,2009,676
Iceland,ISL,2010,669
Iceland,ISL,2011,673
Iceland,ISL,2012,681
Iceland,ISL,2013,678
Iceland,ISL,2014,659
Iceland,ISL,2015,671
Iceland,ISL,2016,678
Iceland,ISL,2017,688
Iceland,ISL,2018,701
Iceland,ISL,2019,724
India,IND,2007,1812605
India,IND,2008,1897232
India,IND,2009,1898640
India,IND,2012,2119847
India,IND,2013,2200623
India,IND,2015,2289079
India,IND,1990,1201775
India,IND,1991,1243951
India,IND,1992,1273738
India,IND,1993,1289988
India,IND,1994,1307746
India,IND,1995,1316260
India,IND,1996,1374290
India,IND,1997,1483173
India,IND,1998,1518213
India,IND,1999,1502751
India,IND,2000,1529224
India,IND,2001,1577661
India,IND,2002,1610122
India,IND,2003,1601208
India,IND,2004,1550655
India,IND,2005,1621446
India,IND,2006,1723531
India,IND,2010,1942316
India,IND,2011,2033996
India,IND,2014,2232102
India,IND,2016,2350151
India,IND,2017,2409773
India,IND,2018,2508204
India,IND,2019,2574410
Indonesia,IDN,2007,484163
Indonesia,IDN,2008,500374
Indonesia,IDN,2009,514806
Indonesia,IDN,2013,573039
Indonesia,IDN,2015,603096
Indonesia,IDN,2016,614602
Indonesia,IDN,1990,278303
Indonesia,IDN,1991,285751
Indonesia,IDN,1992,294517
Indonesia,IDN,1993,303860
Indonesia,IDN,1994,312544
Indonesia,IDN,1995,321557
Indonesia,IDN,1996,331193
Indonesia,IDN,1997,342414
Indonesia,IDN,1998,354220
Indonesia,IDN,1999,366292
Indonesia,IDN,2000,380554
Indonesia,IDN,2001,394941
Indonesia,IDN,2002,410020
Indonesia,IDN,2003,424879
Indonesia,IDN,2004,440056
Indonesia,IDN,2005,455437
Indonesia,IDN,2006,469704
Indonesia,IDN,2010,527322
Indonesia,IDN,2011,540490
Indonesia,IDN,2012,558106
Indonesia,IDN,2014,587184
Indonesia,IDN,2017,626883
Indonesia,IDN,2018,639224
Indonesia,IDN,2019,651481
International,,2002,
Iran,IRN,2007,135804
Iran,IRN,2008,136647
Iran,IRN,2009,138683
Iran,IRN,2010,140466
Iran,IRN,2011,141549
Iran,IRN,2012,143509
Iran,IRN,2013,147346
Iran,IRN,2014,151443
Iran,IRN,2015,157398
Iran,IRN,2016,161815
Iran,IRN,1990,89211
Iran,IRN,1991,90761
Iran,IRN,1992,92769
Iran,IRN,1993,94931
Iran,IRN,1994,97738
Iran,IRN,1995,100689
Iran,IRN,1996,103886
Iran,IRN,1997,107615
Iran,IRN,1998,111399
Iran,IRN,1999,115548
Iran,IRN,2000,119475
Iran,IRN,2001,123204
Iran,IRN,2002,126847
Iran,IRN,2003,129809
Iran,IRN,2004,131690
Iran,IRN,2005,133353
Iran,IRN,2006,135005
Iran,IRN,2017,166375
Iran,IRN,2018,169009
Iran,IRN,2019,173601
Iraq,IRQ,2007,56755
Iraq,IRQ,2008,58827
Iraq,IRQ,2009,60270
Iraq,IRQ,2010,61448
Iraq,IRQ,2011,62570
Iraq,IRQ,2012,63548
Iraq,IRQ,2013,64463
Iraq,IRQ,2014,65672
Iraq,IRQ,2015,67627
Iraq,IRQ,2016,69311
Iraq,IRQ,1990,37179
Iraq,IRQ,1991,38305
Iraq,IRQ,1992,40159
Iraq,IRQ,1993,41724
Iraq,IRQ,1994,42518
Iraq,IRQ,1995,44114
Iraq,IRQ,1996,45610
Iraq,IRQ,1997,46952
Iraq,IRQ,1998,47827
Iraq,IRQ,1999,48535
Iraq,IRQ,2000,49257
Iraq,IRQ,2001,49984
Iraq,IRQ,2002,50980
Iraq,IRQ,2003,52634
Iraq,IRQ,2004,53550
Iraq,IRQ,2005,54237
Iraq,IRQ,2006,54745
Iraq,IRQ,2017,71411
Iraq,IRQ,2018,75358
Iraq,IRQ,2019,79952
Ireland,IRL,1990,13925
Ireland,IRL,1991,13724
Ireland,IRL,1992,13649
Ireland,IRL,1993,13685
Ireland,IRL,1994,13461
Ireland,IRL,1995,13531
Ireland,IRL,1996,13288
Ireland,IRL,1997,13042
Ireland,IRL,1998,12805
Ireland,IRL,1999,12692
Ireland,IRL,2000,12214
Ireland,IRL,2001,11553
Ireland,IRL,2002,11134
Ireland,IRL,2003,10683
Ireland,IRL,2004,10332
Ireland,IRL,2005,9996
Ireland,IRL,2006,9850
Ireland,IRL,2007,9602
Ireland,IRL,2008,9452
Ireland,IRL,2009,9347
Ireland,IRL,2010,8991
Ireland,IRL,2011,9254
Ireland,IRL,2012,9393
Ireland,IRL,2013,9457
Ireland,IRL,2014,9436
Ireland,IRL,2015,9616
Ireland,IRL,2016,9685
Ireland,IRL,2017,9851
Ireland,IRL,2018,10094
Ireland,IRL,2019,10347
Israel,ISR,1990,12461
Israel,ISR,1991,13112
Israel,ISR,1992,13653
Israel,ISR,1993,13590
Israel,ISR,1994,13672
Israel,ISR,1995,13702
Israel,ISR,1996,13278
Israel,ISR,1997,12905
Israel,ISR,1998,12780
Israel,ISR,1999,12324
Israel,ISR,2000,11969
Israel,ISR,2001,11574
Israel,ISR,2002,11459
Israel,ISR,2003,11281
Israel,ISR,2004,11024
Israel,ISR,2005,11031
Israel,ISR,2006,10831
Israel,ISR,2007,10840
Israel,ISR,2008,10516
Israel,ISR,2009,10313
Israel,ISR,2010,10307
Israel,ISR,2011,10571
Israel,ISR,2012,10581
Israel,ISR,2013,10658
Israel,ISR,2014,10737
Israel,ISR,2015,11063
Israel,ISR,2016,11174
Israel,ISR,2017,11553
Israel,ISR,2018,12034
Israel,ISR,2019,12393
Italy,ITA,1990,226510
Italy,ITA,1991,229027
Italy,ITA,1992,226587
Italy,ITA,1993,226276
Italy,ITA,1994,226536
Italy,ITA,1995,225869
Italy,ITA,1996,226093
Italy,ITA,1997,226563
Italy,ITA,1998,228897
Italy,ITA,1999,225558
Italy,ITA,2000,221750
Italy,ITA,2001,219673
Italy,ITA,2002,220075
Italy,ITA,2003,221266
Italy,ITA,2004,210895
Italy,ITA,2005,210368
Italy,ITA,2006,210082
Italy,ITA,2007,211335
Italy,ITA,2008,212473
Italy,ITA,2009,212468
Italy,ITA,2010,210138
Italy,ITA,2011,213028
Italy,ITA,2012,214765
Italy,ITA,2013,212517
Italy,ITA,2014,212651
Italy,ITA,2015,221430
Italy,ITA,2016,219535
Italy,ITA,2017,224147
Italy,ITA,2018,231365
Italy,ITA,2019,236507
Jamaica,JAM,2007,4788
Jamaica,JAM,2008,5289
Jamaica,JAM,2009,5626
Jamaica,JAM,1990,4781
Jamaica,JAM,1991,4362
Jamaica,JAM,1992,4551
Jamaica,JAM,1993,4798
Jamaica,JAM,1994,4862
Jamaica,JAM,1995,4804
Jamaica,JAM,1996,4641
Jamaica,JAM,1997,4602
Jamaica,JAM,1998,4484
Jamaica,JAM,1999,4580
Jamaica,JAM,2000,4585
Jamaica,JAM,2001,4703
Jamaica,JAM,2002,4615
Jamaica,JAM,2003,4537
Jamaica,JAM,2004,4475
Jamaica,JAM,2005,4245
Jamaica,JAM,2006,4219
Jamaica,JAM,2010,5124
Jamaica,JAM,2011,5490
Jamaica,JAM,2012,5219
Jamaica,JAM,2013,5394
Jamaica,JAM,2014,6001
Jamaica,JAM,2015,6126
Jamaica,JAM,2016,6119
Jamaica,JAM,2017,6197
Jamaica,JAM,2018,6294
Jamaica,JAM,2019,6457
Japan,JPN,2007,305525
Japan,JPN,2008,308531
Japan,JPN,2009,310058
Japan,JPN,2010,317823
Japan,JPN,2012,330433
Japan,JPN,2013,332417
Japan,JPN,2014,333175
Japan,JPN,2015,336271
Japan,JPN,2016,342935
Japan,JPN,1990,282874
Japan,JPN,1991,283890
Japan,JPN,1992,286377
Japan,JPN,1993,287404
Japan,JPN,1994,284703
Japan,JPN,1995,288187
Japan,JPN,1996,282266
Japan,JPN,1997,280224
Japan,JPN,1998,284407
Japan,JPN,1999,287757
Japan,JPN,2000,283272
Japan,JPN,2001,282065
Japan,JPN,2002,283892
Japan,JPN,2003,288946
Japan,JPN,2004,292714
Japan,JPN,2005,301656
Japan,JPN,2006,302995
Japan,JPN,2011,327390
Japan,JPN,2017,348546
Japan,JPN,2018,361221
Japan,JPN,2019,372483
Jordan,JOR,2007,6321
Jordan,JOR,2008,6205
Jordan,JOR,2009,6350
Jordan,JOR,2014,8052
Jordan,JOR,2015,8600
Jordan,JOR,1990,4534
Jordan,JOR,1991,4657
Jordan,JOR,1992,4749
Jordan,JOR,1993,5057
Jordan,JOR,1994,5226
Jordan,JOR,1995,5432
Jordan,JOR,1996,5612
Jordan,JOR,1997,5675
Jordan,JOR,1998,5745
Jordan,JOR,1999,5807
Jordan,JOR,2000,5768
Jordan,JOR,2001,5932
Jordan,JOR,2002,6018
Jordan,JOR,2003,5908
Jordan,JOR,2004,6119
Jordan,JOR,2005,6415
Jordan,JOR,2006,6573
Jordan,JOR,2010,6618
Jordan,JOR,2011,6962
Jordan,JOR,2012,7263
Jordan,JOR,2013,7549
Jordan,JOR,2016,9312
Jordan,JOR,2017,10053
Jordan,JOR,2018,10926
Jordan,JOR,2019,11798
Kazakhstan,KAZ,1990,56266
Kazakhstan,KAZ,1991,60175
Kazakhstan,KAZ,1992,64776
Kazakhstan,KAZ,1993,72024
Kazakhstan,KAZ,1994,77475
Kazakhstan,KAZ,1995,81232
Kazakhstan,KAZ,1996,81306
Kazakhstan,KAZ,1997,79662
Kazakhstan,KAZ,1998,77898
Kazakhstan,KAZ,1999,77013
Kazakhstan,KAZ,2000,77439
Kazakhstan,KAZ,2001,78193
Kazakhstan,KAZ,2002,80018
Kazakhstan,KAZ,2003,82583
Kazakhstan,KAZ,2004,82832
Kazakhstan,KAZ,2005,84199
Kazakhstan,KAZ,2006,84576
Kazakhstan,KAZ,2007,83850
Kazakhstan,KAZ,2008,80865
Kazakhstan,KAZ,2009,77491
Kazakhstan,KAZ,2010,77003
Kazakhstan,KAZ,2011,75549
Kazakhstan,KAZ,2012,73706
Kazakhstan,KAZ,2013,71122
Kazakhstan,KAZ,2014,68693
Kazakhstan,KAZ,2015,67080
Kazakhstan,KAZ,2016,65951
Kazakhstan,KAZ,2017,63040
Kazakhstan,KAZ,2018,65041
Kazakhstan,KAZ,2019,65391
Kenya,KEN,2007,29093
Kenya,KEN,2008,29924
Kenya,KEN,2009,30792
Kenya,KEN,1990,15353
Kenya,KEN,1991,15884
Kenya,KEN,1992,16455
Kenya,KEN,1993,16958
Kenya,KEN,1994,17437
Kenya,KEN,1995,17894
Kenya,KEN,1996,18379
Kenya,KEN,1997,19042
Kenya,KEN,1998,19820
Kenya,KEN,1999,20489
Kenya,KEN,2000,21525
Kenya,KEN,2001,22435
Kenya,KEN,2002,23755
Kenya,KEN,2003,24902
Kenya,KEN,2004,26239
Kenya,KEN,2005,27294
Kenya,KEN,2006,28244
Kenya,KEN,2010,31578
Kenya,KEN,2011,32573
Kenya,KEN,2012,33418
Kenya,KEN,2013,34118
Kenya,KEN,2014,34946
Kenya,KEN,2015,35817
Kenya,KEN,2016,36770
Kenya,KEN,2017,37862
Kenya,KEN,2018,39220
Kenya,KEN,2019,40611
Kiribati,KIR,1990,232
Kiribati,KIR,1991,237
Kiribati,KIR,1992,241
Kiribati,KIR,1993,243
Kiribati,KIR,1994,242
Kiribati,KIR,1995,242
Kiribati,KIR,1996,244
Kiribati,KIR,1997,249
Kiribati,KIR,1998,252
Kiribati,KIR,1999,257
Kiribati,KIR,2000,259
Kiribati,KIR,2001,261
Kiribati,KIR,2002,262
Kiribati,KIR,2003,263
Kiribati,KIR,2004,264
Kiribati,KIR,2005,266
Kiribati,KIR,2006,272
Kiribati,KIR,2007,279
Kiribati,KIR,2008,287
Kiribati,KIR,2009,293
Kiribati,KIR,2010,299
Kiribati,KIR,2011,305
Kiribati,KIR,2012,310
Kiribati,KIR,2013,316
Kiribati,KIR,2014,321
Kiribati,KIR,2015,326
Kiribati,KIR,2016,332
Kiribati,KIR,2017,337
Kiribati,KIR,2018,344
Kiribati,KIR,2019,349
Kosovo,OWID_KOS,1999,
Kosovo,OWID_KOS,2000,
Kosovo,OWID_KOS,2001,
Kosovo,OWID_KOS,2002,
Kosovo,OWID_KOS,2003,
Kosovo,OWID_KOS,2004,
Kosovo,OWID_KOS,2005,
Kosovo,OWID_KOS,2006,
Kosovo,OWID_KOS,2007,
Kosovo,OWID_KOS,2008,
Kosovo,OWID_KOS,2009,
Kosovo,OWID_KOS,2010,
Kosovo,OWID_KOS,2011,
Kosovo,OWID_KOS,2012,
Kosovo,OWID_KOS,2013,
Kosovo,OWID_KOS,2014,
Kosovo,OWID_KOS,2015,
Kosovo,OWID_KOS,2016,
Kosovo,OWID_KOS,2017,
Kuwait,KWT,2007,2694
Kuwait,KWT,2008,3101
Kuwait,KWT,2009,3014
Kuwait,KWT,2013,2927
Kuwait,KWT,1990,1470
Kuwait,KWT,1991,1330
Kuwait,KWT,1992,1248
Kuwait,KWT,1993,1325
Kuwait,KWT,1994,1453
Kuwait,KWT,1995,1590
Kuwait,KWT,1996,1600
Kuwait,KWT,1997,1822
Kuwait,KWT,1998,1801
Kuwait,KWT,1999,2005
Kuwait,KWT,2000,2021
Kuwait,KWT,2001,1929
Kuwait,KWT,2002,2131
Kuwait,KWT,2003,2179
Kuwait,KWT,2004,2311
Kuwait,KWT,2005,2476
Kuwait,KWT,2006,2623
Kuwait,KWT,2010,2779
Kuwait,KWT,2011,2738
Kuwait,KWT,2012,2877
Kuwait,KWT,2014,2964
Kuwait,KWT,2015,3161
Kuwait,KWT,2016,3408
Kuwait,KWT,2017,3639
Kuwait,KWT,2018,3867
Kuwait,KWT,2019,4119
Kyrgyzstan,KGZ,1990,12833
Kyrgyzstan,KGZ,1991,13328
Kyrgyzstan,KGZ,1992,13942
Kyrgyzstan,KGZ,1993,15226
Kyrgyzstan,KGZ,1994,16417
Kyrgyzstan,KGZ,1995,16544
Kyrgyzstan,KGZ,1996,15985
Kyrgyzstan,KGZ,1997,15873
Kyrgyzstan,KGZ,1998,16042
Kyrgyzstan,KGZ,1999,16064
Kyrgyzstan,KGZ,2000,17920
Kyrgyzstan,KGZ,2001,18616
Kyrgyzstan,KGZ,2002,18880
Kyrgyzstan,KGZ,2003,19210
Kyrgyzstan,KGZ,2004,18876
Kyrgyzstan,KGZ,2005,19196
Kyrgyzstan,KGZ,2006,19731
Kyrgyzstan,KGZ,2007,19581
Kyrgyzstan,KGZ,2008,19316
Kyrgyzstan,KGZ,2009,18544
Kyrgyzstan,KGZ,2010,18139
Kyrgyzstan,KGZ,2011,17913
Kyrgyzstan,KGZ,2012,17638
Kyrgyzstan,KGZ,2013,17254
Kyrgyzstan,KGZ,2014,17341
Kyrgyzstan,KGZ,2015,17869
Kyrgyzstan,KGZ,2016,17342
Kyrgyzstan,KGZ,2017,17477
Kyrgyzstan,KGZ,2018,17290
Kyrgyzstan,KGZ,2019,17482
Laos,LAO,1990,7527
Laos,LAO,1991,7710
Laos,LAO,1992,7905
Laos,LAO,1993,8111
Laos,LAO,1994,8317
Laos,LAO,1995,8536
Laos,LAO,1996,8712
Laos,LAO,1997,8907
Laos,LAO,1998,9125
Laos,LAO,1999,9354
Laos,LAO,2000,9604
Laos,LAO,2001,9917
Laos,LAO,2002,10056
Laos,LAO,2003,10236
Laos,LAO,2004,10387
Laos,LAO,2005,10575
Laos,LAO,2006,10732
Laos,LAO,2007,10846
Laos,LAO,2008,10993
Laos,LAO,2009,11104
Laos,LAO,2010,11205
Laos,LAO,2011,11281
Laos,LAO,2012,11418
Laos,LAO,2013,11624
Laos,LAO,2014,11845
Laos,LAO,2015,12123
Laos,LAO,2016,12390
Laos,LAO,2017,12709
Laos,LAO,2018,13096
Laos,LAO,2019,13523
Latin America & Caribbean (WB),,1990,691657
Latin America & Caribbean (WB),,1991,690961
Latin America & Caribbean (WB),,1992,704298
Latin America & Caribbean (WB),,1993,720993
Latin America & Caribbean (WB),,1994,725497
Latin America & Caribbean (WB),,1995,733158
Latin America & Caribbean (WB),,1996,740221
Latin America & Caribbean (WB),,1997,738463
Latin America & Caribbean (WB),,1998,748907
Latin America & Caribbean (WB),,1999,754117
Latin America & Caribbean (WB),,2000,752829
Latin America & Caribbean (WB),,2001,761859
Latin America & Caribbean (WB),,2002,780126
Latin America & Caribbean (WB),,2003,796850
Latin America & Caribbean (WB),,2004,805192
Latin America & Caribbean (WB),,2005,809270
Latin America & Caribbean (WB),,2006,820207
Latin America & Caribbean (WB),,2007,834759
Latin America & Caribbean (WB),,2008,853446
Latin America & Caribbean (WB),,2009,879085
Latin America & Caribbean (WB),,2010,894858
Latin America & Caribbean (WB),,2011,907762
Latin America & Caribbean (WB),,2012,922026
Latin America & Caribbean (WB),,2013,945406
Latin America & Caribbean (WB),,2014,964488
Latin America & Caribbean (WB),,2015,989234
Latin America & Caribbean (WB),,2016,1021896
Latin America & Caribbean (WB),,2017,1045649
Latin America & Caribbean (WB),,2018,1068866
Latin America & Caribbean (WB),,2019,1099697
Latvia,LVA,1990,19368
Latvia,LVA,1991,19405
Latvia,LVA,1992,19918
Latvia,LVA,1993,22027
Latvia,LVA,1994,23497
Latvia,LVA,1995,22032
Latvia,LVA,1996,19321
Latvia,LVA,1997,18700
Latvia,LVA,1998,19316
Latvia,LVA,1999,18422
Latvia,LVA,2000,17900
Latvia,LVA,2001,18682
Latvia,LVA,2002,18420
Latvia,LVA,2003,18379
Latvia,LVA,2004,18163
Latvia,LVA,2005,18604
Latvia,LVA,2006,19287
Latvia,LVA,2007,18773
Latvia,LVA,2008,17555
Latvia,LVA,2009,16856
Latvia,LVA,2010,16627
Latvia,LVA,2011,16290
Latvia,LVA,2012,16142
Latvia,LVA,2013,16414
Latvia,LVA,2014,15979
Latvia,LVA,2015,15740
Latvia,LVA,2016,15513
Latvia,LVA,2017,15548
Latvia,LVA,2018,15702
Latvia,LVA,2019,15779
Lebanon,LBN,1990,8826
Lebanon,LBN,1991,8869
Lebanon,LBN,1992,8996
Lebanon,LBN,1993,9129
Lebanon,LBN,1994,9161
Lebanon,LBN,1995,9207
Lebanon,LBN,1996,9309
Lebanon,LBN,1997,9467
Lebanon,LBN,1998,9614
Lebanon,LBN,1999,9736
Lebanon,LBN,2000,9919
Lebanon,LBN,2001,10175
Lebanon,LBN,2002,10473
Lebanon,LBN,2003,10843
Lebanon,LBN,2004,11269
Lebanon,LBN,2005,11730
Lebanon,LBN,2006,12217
Lebanon,LBN,2007,12719
Lebanon,LBN,2008,13194
Lebanon,LBN,2009,13590
Lebanon,LBN,2010,13927
Lebanon,LBN,2011,14393
Lebanon,LBN,2012,14796
Lebanon,LBN,2013,15132
Lebanon,LBN,2014,15416
Lebanon,LBN,2015,15644
Lebanon,LBN,2016,15843
Lebanon,LBN,2017,16017
Lebanon,LBN,2018,16168
Lebanon,LBN,2019,16329
Lesotho,LSO,1990,2547
Lesotho,LSO,1991,2563
Lesotho,LSO,1992,2601
Lesotho,LSO,1993,2633
Lesotho,LSO,1994,2688
Lesotho,LSO,1995,2720
Lesotho,LSO,1996,2742
Lesotho,LSO,1997,2784
Lesotho,LSO,1998,2927
Lesotho,LSO,1999,3068
Lesotho,LSO,2000,3283
Lesotho,LSO,2001,3373
Lesotho,LSO,2002,3518
Lesotho,LSO,2003,3686
Lesotho,LSO,2004,3801
Lesotho,LSO,2005,3874
Lesotho,LSO,2006,3901
Lesotho,LSO,2007,3921
Lesotho,LSO,2008,3960
Lesotho,LSO,2009,3946
Lesotho,LSO,2010,3986
Lesotho,LSO,2011,3993
Lesotho,LSO,2012,4059
Lesotho,LSO,2013,4120
Lesotho,LSO,2014,4151
Lesotho,LSO,2015,4136
Lesotho,LSO,2016,4059
Lesotho,LSO,2017,4004
Lesotho,LSO,2018,4000
Lesotho,LSO,2019,4028
Liberia,LBR,1990,2990
Liberia,LBR,1991,3066
Liberia,LBR,1992,3114
Liberia,LBR,1993,3139
Liberia,LBR,1994,3178
Liberia,LBR,1995,3181
Liberia,LBR,1996,3290
Liberia,LBR,1997,3268
Liberia,LBR,1998,3265
Liberia,LBR,1999,3226
Liberia,LBR,2000,3245
Liberia,LBR,2001,3201
Liberia,LBR,2002,3215
Liberia,LBR,2003,3205
Liberia,LBR,2004,3239
Liberia,LBR,2005,3298
Liberia,LBR,2006,3420
Liberia,LBR,2007,3498
Liberia,LBR,2008,3604
Liberia,LBR,2009,3718
Liberia,LBR,2010,3821
Liberia,LBR,2011,3888
Liberia,LBR,2012,3991
Liberia,LBR,2013,4037
Liberia,LBR,2014,3996
Liberia,LBR,2015,4048
Liberia,LBR,2016,4066
Liberia,LBR,2017,4104
Liberia,LBR,2018,4204
Liberia,LBR,2019,4299
Libya,LBY,2007,7982
Libya,LBY,2008,8216
Libya,LBY,2009,8700
Libya,LBY,2010,8624
Libya,LBY,1990,5887
Libya,LBY,1991,5864
Libya,LBY,1992,5777
Libya,LBY,1993,5796
Libya,LBY,1994,5813
Libya,LBY,1995,5815
Libya,LBY,1996,5819
Libya,LBY,1997,6074
Libya,LBY,1998,6411
Libya,LBY,1999,6643
Libya,LBY,2000,6815
Libya,LBY,2001,7011
Libya,LBY,2002,7238
Libya,LBY,2003,7206
Libya,LBY,2004,6939
Libya,LBY,2005,6975
Libya,LBY,2006,7150
Libya,LBY,2011,8868
Libya,LBY,2012,9022
Libya,LBY,2013,9421
Libya,LBY,2014,9961
Libya,LBY,2015,10473
Libya,LBY,2016,11064
Libya,LBY,2017,11658
Libya,LBY,2018,12210
Libya,LBY,2019,12747
Lithuania,LTU,1990,20866
Lithuania,LTU,1991,21748
Lithuania,LTU,1992,21597
Lithuania,LTU,1993,23740
Lithuania,LTU,1994,24268
Lithuania,LTU,1995,23619
Lithuania,LTU,1996,22290
Lithuania,LTU,1997,21289
Lithuania,LTU,1998,21229
Lithuania,LTU,1999,20598
Lithuania,LTU,2000,20116
Lithuania,LTU,2001,21048
Lithuania,LTU,2002,20968
Lithuania,LTU,2003,21231
Lithuania,LTU,2004,21346
Lithuania,LTU,2005,22657
Lithuania,LTU,2006,23327
Lithuania,LTU,2007,23757
Lithuania,LTU,2008,23217
Lithuania,LTU,2009,21659
Lithuania,LTU,2010,21923
Lithuania,LTU,2011,21835
Lithuania,LTU,2012,21766
Lithuania,LTU,2013,22140
Lithuania,LTU,2014,21628
Lithuania,LTU,2015,22135
Lithuania,LTU,2016,22068
Lithuania,LTU,2017,21153
Lithuania,LTU,2018,21346
Lithuania,LTU,2019,21301
Luxembourg,LUX,1990,1685
Luxembourg,LUX,1991,1664
Luxembourg,LUX,1992,1631
Luxembourg,LUX,1993,1609
Luxembourg,LUX,1994,1573
Luxembourg,LUX,1995,1552
Luxembourg,LUX,1996,1539
Luxembourg,LUX,1997,1513
Luxembourg,LUX,1998,1489
Luxembourg,LUX,1999,1461
Luxembourg,LUX,2000,1445
Luxembourg,LUX,2001,1406
Luxembourg,LUX,2002,1392
Luxembourg,LUX,2003,1365
Luxembourg,LUX,2004,1355
Luxembourg,LUX,2005,1344
Luxembourg,LUX,2006,1333
Luxembourg,LUX,2007,1300
Luxembourg,LUX,2008,1270
Luxembourg,LUX,2009,1263
Luxembourg,LUX,2010,1262
Luxembourg,LUX,2011,1254
Luxembourg,LUX,2012,1251
Luxembourg,LUX,2013,1253
Luxembourg,LUX,2014,1236
Luxembourg,LUX,2015,1222
Luxembourg,LUX,2016,1212
Luxembourg,LUX,2017,1253
Luxembourg,LUX,2018,1290
Luxembourg,LUX,2019,1332
Macau,,1995,
Macau,,1996,
Macau,,1997,
Macau,,1998,
Madagascar,MDG,1990,19445
Madagascar,MDG,1991,19826
Madagascar,MDG,1992,20157
Madagascar,MDG,1993,21032
Madagascar,MDG,1994,20539
Madagascar,MDG,1995,21799
Madagascar,MDG,1996,22159
Madagascar,MDG,1997,22504
Madagascar,MDG,1998,22971
Madagascar,MDG,1999,22860
Madagascar,MDG,2000,23013
Madagascar,MDG,2001,23138
Madagascar,MDG,2002,23830
Madagascar,MDG,2003,24416
Madagascar,MDG,2004,24756
Madagascar,MDG,2005,24922
Madagascar,MDG,2006,25124
Madagascar,MDG,2007,25464
Madagascar,MDG,2008,26373
Madagascar,MDG,2009,27161
Madagascar,MDG,2010,27799
Madagascar,MDG,2011,28451
Madagascar,MDG,2012,29119
Madagascar,MDG,2013,29780
Madagascar,MDG,2014,30477
Madagascar,MDG,2015,31277
Madagascar,MDG,2016,32217
Madagascar,MDG,2017,33211
Madagascar,MDG,2018,34374
Madagascar,MDG,2019,35397
Malawi,MWI,1990,9669
Malawi,MWI,1991,9902
Malawi,MWI,1992,10175
Malawi,MWI,1993,10359
Malawi,MWI,1994,10646
Malawi,MWI,1995,10926
Malawi,MWI,1996,11216
Malawi,MWI,1997,11475
Malawi,MWI,1998,11824
Malawi,MWI,1999,11956
Malawi,MWI,2000,12015
Malawi,MWI,2001,11903
Malawi,MWI,2002,11979
Malawi,MWI,2003,12081
Malawi,MWI,2004,12232
Malawi,MWI,2005,12193
Malawi,MWI,2006,12260
Malawi,MWI,2007,12307
Malawi,MWI,2008,12453
Malawi,MWI,2009,12709
Malawi,MWI,2010,13020
Malawi,MWI,2011,13246
Malawi,MWI,2012,13438
Malawi,MWI,2013,13601
Malawi,MWI,2014,13826
Malawi,MWI,2015,14132
Malawi,MWI,2016,14450
Malawi,MWI,2017,14731
Malawi,MWI,2018,15181
Malawi,MWI,2019,15650
Malaysia,MYS,2007,40129
Malaysia,MYS,2008,42076
Malaysia,MYS,2010,43711
Malaysia,MYS,2013,44025
Malaysia,MYS,2014,46359
Malaysia,MYS,2015,48228
Malaysia,MYS,2016,51106
Malaysia,MYS,1990,28238
Malaysia,MYS,1991,28122
Malaysia,MYS,1992,28479
Malaysia,MYS,1993,29538
Malaysia,MYS,1994,31686
Malaysia,MYS,1995,33552
Malaysia,MYS,1996,32690
Malaysia,MYS,1997,32405
Malaysia,MYS,1998,32431
Malaysia,MYS,1999,36646
Malaysia,MYS,2000,35668
Malaysia,MYS,2001,36440
Malaysia,MYS,2002,37539
Malaysia,MYS,2003,38426
Malaysia,MYS,2004,38263
Malaysia,MYS,2005,38697
Malaysia,MYS,2006,39486
Malaysia,MYS,2009,43692
Malaysia,MYS,2011,44186
Malaysia,MYS,2012,44765
Malaysia,MYS,2017,53286
Malaysia,MYS,2018,55363
Malaysia,MYS,2019,58824
Maldives,MDV,1990,319
Maldives,MDV,1991,332
Maldives,MDV,1992,343
Maldives,MDV,1993,346
Maldives,MDV,1994,343
Maldives,MDV,1995,350
Maldives,MDV,1996,365
Maldives,MDV,1997,372
Maldives,MDV,1998,361
Maldives,MDV,1999,355
Maldives,MDV,2000,365
Maldives,MDV,2001,374
Maldives,MDV,2002,363
Maldives,MDV,2003,360
Maldives,MDV,2004,355
Maldives,MDV,2005,354
Maldives,MDV,2006,356
Maldives,MDV,2007,357
Maldives,MDV,2008,362
Maldives,MDV,2009,371
Maldives,MDV,2010,380
Maldives,MDV,2011,384
Maldives,MDV,2012,395
Maldives,MDV,2013,406
Maldives,MDV,2014,419
Maldives,MDV,2015,430
Maldives,MDV,2016,451
Maldives,MDV,2017,474
Maldives,MDV,2018,498
Maldives,MDV,2019,522
Mali,MLI,1990,10823
Mali,MLI,1991,10897
Mali,MLI,1992,11079
Mali,MLI,1993,11214
Mali,MLI,1994,11440
Mali,MLI,1995,11689
Mali,MLI,1996,11905
Mali,MLI,1997,12016
Mali,MLI,1998,12061
Mali,MLI,1999,12153
Mali,MLI,2000,12399
Mali,MLI,2001,12502
Mali,MLI,2002,12811
Mali,MLI,2003,12935
Mali,MLI,2004,13155
Mali,MLI,2005,13402
Mali,MLI,2006,13760
Mali,MLI,2007,14165
Mali,MLI,2008,14643
Mali,MLI,2009,15117
Mali,MLI,2010,15491
Mali,MLI,2011,15797
Mali,MLI,2012,16123
Mali,MLI,2013,16469
Mali,MLI,2014,16849
Mali,MLI,2015,17542
Mali,MLI,2016,18173
Mali,MLI,2017,18708
Mali,MLI,2018,19138
Mali,MLI,2019,19519
Malta,MLT,1990,1325
Malta,MLT,1991,1313
Malta,MLT,1992,1304
Malta,MLT,1993,1285
Malta,MLT,1994,1261
Malta,MLT,1995,1266
Malta,MLT,1996,1282
Malta,MLT,1997,1290
Malta,MLT,1998,1279
Malta,MLT,1999,1305
Malta,MLT,2000,1310
Malta,MLT,2001,1312
Malta,MLT,2002,1325
Malta,MLT,2003,1323
Malta,MLT,2004,1302
Malta,MLT,2005,1287
Malta,MLT,2006,1279
Malta,MLT,2007,1280
Malta,MLT,2008,1284
Malta,MLT,2009,1292
Malta,MLT,2010,1297
Malta,MLT,2011,1338
Malta,MLT,2012,1357
Malta,MLT,2013,1349
Malta,MLT,2014,1355
Malta,MLT,2015,1345
Malta,MLT,2016,1390
Malta,MLT,2017,1419
Malta,MLT,2018,1451
Malta,MLT,2019,1491
Marshall Islands,MHL,1990,84
Marshall Islands,MHL,1991,86
Marshall Islands,MHL,1992,89
Marshall Islands,MHL,1993,89
Marshall Islands,MHL,1994,86
Marshall Islands,MHL,1995,88
Marshall Islands,MHL,1996,90
Marshall Islands,MHL,1997,93
Marshall Islands,MHL,1998,96
Marshall Islands,MHL,1999,98
Marshall Islands,MHL,2000,101
Marshall Islands,MHL,2001,104
Marshall Islands,MHL,2002,107
Marshall Islands,MHL,2003,109
Marshall Islands,MHL,2004,112
Marshall Islands,MHL,2005,115
Marshall Islands,MHL,2006,119
Marshall Islands,MHL,2007,121
Marshall Islands,MHL,2008,124
Marshall Islands,MHL,2009,126
Marshall Islands,MHL,2010,129
Marshall Islands,MHL,2011,132
Marshall Islands,MHL,2012,134
Marshall Islands,MHL,2013,137
Marshall Islands,MHL,2014,139
Marshall Islands,MHL,2015,142
Marshall Islands,MHL,2016,145
Marshall Islands,MHL,2017,149
Marshall Islands,MHL,2018,153
Marshall Islands,MHL,2019,156
Martinique,MTQ,1991,
Martinique,MTQ,1992,
Mauritania,MRT,1990,2972
Mauritania,MRT,1991,2956
Mauritania,MRT,1992,2966
Mauritania,MRT,1993,2992
Mauritania,MRT,1994,2922
Mauritania,MRT,1995,2863
Mauritania,MRT,1996,2865
Mauritania,MRT,1997,2851
Mauritania,MRT,1998,2891
Mauritania,MRT,1999,2836
Mauritania,MRT,2000,2857
Mauritania,MRT,2001,2903
Mauritania,MRT,2002,2932
Mauritania,MRT,2003,2946
Mauritania,MRT,2004,3011
Mauritania,MRT,2005,3031
Mauritania,MRT,2006,3107
Mauritania,MRT,2007,3109
Mauritania,MRT,2008,3156
Mauritania,MRT,2009,3276
Mauritania,MRT,2010,3307
Mauritania,MRT,2011,3396
Mauritania,MRT,2012,3532
Mauritania,MRT,2013,3613
Mauritania,MRT,2014,3589
Mauritania,MRT,2015,3679
Mauritania,MRT,2016,3678
Mauritania,MRT,2017,3809
Mauritania,MRT,2018,3873
Mauritania,MRT,2019,3952
Mauritius,MUS,1990,3066
Mauritius,MUS,1991,3020
Mauritius,MUS,1992,3107
Mauritius,MUS,1993,3240
Mauritius,MUS,1994,3313
Mauritius,MUS,1995,3331
Mauritius,MUS,1996,3406
Mauritius,MUS,1997,3625
Mauritius,MUS,1998,3543
Mauritius,MUS,1999,3591
Mauritius,MUS,2000,3589
Mauritius,MUS,2001,3575
Mauritius,MUS,2002,3607
Mauritius,MUS,2003,3563
Mauritius,MUS,2004,3399
Mauritius,MUS,2005,3227
Mauritius,MUS,2006,3065
Mauritius,MUS,2007,2872
Mauritius,MUS,2008,2842
Mauritius,MUS,2009,2810
Mauritius,MUS,2010,2735
Mauritius,MUS,2011,2665
Mauritius,MUS,2012,2712
Mauritius,MUS,2013,2714
Mauritius,MUS,2014,2811
Mauritius,MUS,2015,2878
Mauritius,MUS,2016,2993
Mauritius,MUS,2017,3099
Mauritius,MUS,2018,3222
Mauritius,MUS,2019,3309
Mexico,MEX,1990,72347
Mexico,MEX,1991,73390
Mexico,MEX,1992,75338
Mexico,MEX,1993,77605
Mexico,MEX,1994,79494
Mexico,MEX,1995,82593
Mexico,MEX,1996,84663
Mexico,MEX,1997,86316
Mexico,MEX,1998,86887
Mexico,MEX,1999,86882
Mexico,MEX,2000,86807
Mexico,MEX,2001,88486
Mexico,MEX,2002,92538
Mexico,MEX,2003,96254
Mexico,MEX,2004,97149
Mexico,MEX,2005,101217
Mexico,MEX,2006,101969
Mexico,MEX,2007,104445
Mexico,MEX,2008,111701
Mexico,MEX,2009,118559
Mexico,MEX,2010,121289
Mexico,MEX,2011,123652
Mexico,MEX,2012,128171
Mexico,MEX,2013,137676
Mexico,MEX,2014,143034
Mexico,MEX,2015,146828
Mexico,MEX,2016,151252
Mexico,MEX,2017,158878
Mexico,MEX,2018,161559
Mexico,MEX,2019,167535
Micronesia (country),FSM,1990,245
Micronesia (country),FSM,1991,249
Micronesia (country),FSM,1992,252
Micronesia (country),FSM,1993,254
Micronesia (country),FSM,1994,256
Micronesia (country),FSM,1995,257
Micronesia (country),FSM,1996,258
Micronesia (country),FSM,1997,260
Micronesia (country),FSM,1998,261
Micronesia (country),FSM,1999,262
Micronesia (country),FSM,2000,262
Micronesia (country),FSM,2001,263
Micronesia (country),FSM,2002,265
Micronesia (country),FSM,2003,266
Micronesia (country),FSM,2004,268
Micronesia (country),FSM,2005,269
Micronesia (country),FSM,2006,272
Micronesia (country),FSM,2007,277
Micronesia (country),FSM,2008,282
Micronesia (country),FSM,2009,287
Micronesia (country),FSM,2010,291
Micronesia (country),FSM,2011,295
Micronesia (country),FSM,2012,298
Micronesia (country),FSM,2013,303
Micronesia (country),FSM,2014,308
Micronesia (country),FSM,2015,312
Micronesia (country),FSM,2016,316
Micronesia (country),FSM,2017,321
Micronesia (country),FSM,2018,326
Micronesia (country),FSM,2019,331
Middle East & North Africa,,1990,
Middle East & North Africa,,1991,
Middle East & North Africa,,1992,
Middle East & North Africa,,1994,
Middle East & North Africa,,1995,
Middle East & North Africa,,1996,
Middle East & North Africa,,1997,
Middle East & North Africa,,1998,
Middle East & North Africa,,1999,
Middle East & North Africa,,2000,
Middle East & North Africa,,2001,
Middle East & North Africa,,2002,
Middle East & North Africa,,2003,
Middle East & North Africa,,2004,
Middle East & North Africa,,2005,
Middle East & North Africa,,2006,
Middle East & North Africa,,2007,
Middle East & North Africa,,2008,
Middle East & North Africa,,2009,
Middle East & North Africa,,2010,
Middle East & North Africa,,2011,
Middle East & North Africa,,2012,
Middle East & North Africa,,2013,
Middle East & North Africa,,2014,
Middle East & North Africa,,2015,
Middle East & North Africa,,2016,
Middle East & North Africa,,2017,
Middle East & North Africa (WB),,1990,529295
Middle East & North Africa (WB),,1991,539272
Middle East & North Africa (WB),,1992,551228
Middle East & North Africa (WB),,1993,566395
Middle East & North Africa (WB),,1994,579672
Middle East & North Africa (WB),,1995,589787
Middle East & North Africa (WB),,1996,600153
Middle East & North Africa (WB),,1997,615115
Middle East & North Africa (WB),,1998,628396
Middle East & North Africa (WB),,1999,640766
Middle East & North Africa (WB),,2000,642141
Middle East & North Africa (WB),,2001,658893
Middle East & North Africa (WB),,2002,678073
Middle East & North Africa (WB),,2003,698285
Middle East & North Africa (WB),,2004,708381
Middle East & North Africa (WB),,2005,717330
Middle East & North Africa (WB),,2006,730267
Middle East & North Africa (WB),,2007,743366
Middle East & North Africa (WB),,2008,761251
Middle East & North Africa (WB),,2009,778258
Middle East & North Africa (WB),,2010,792966
Middle East & North Africa (WB),,2011,806427
Middle East & North Africa (WB),,2012,827158
Middle East & North Africa (WB),,2013,848236
Middle East & North Africa (WB),,2014,869212
Middle East & North Africa (WB),,2015,903229
Middle East & North Africa (WB),,2016,924888
Middle East & North Africa (WB),,2017,944725
Middle East & North Africa (WB),,2018,969914
Middle East & North Africa (WB),,2019,997507
Moldova,MDA,1990,21003
Moldova,MDA,1991,22998
Moldova,MDA,1992,22613
Moldova,MDA,1993,24183
Moldova,MDA,1994,27295
Moldova,MDA,1995,28185
Moldova,MDA,1996,26882
Moldova,MDA,1997,24834
Moldova,MDA,1998,23865
Moldova,MDA,1999,24482
Moldova,MDA,2000,24798
Moldova,MDA,2001,24859
Moldova,MDA,2002,26021
Moldova,MDA,2003,26725
Moldova,MDA,2004,26074
Moldova,MDA,2005,26655
Moldova,MDA,2006,25937
Moldova,MDA,2007,26116
Moldova,MDA,2008,25785
Moldova,MDA,2009,25640
Moldova,MDA,2010,26111
Moldova,MDA,2011,23565
Moldova,MDA,2012,23565
Moldova,MDA,2013,22990
Moldova,MDA,2014,23998
Moldova,MDA,2015,25116
Moldova,MDA,2016,25057
Moldova,MDA,2017,24145
Moldova,MDA,2018,24062
Moldova,MDA,2019,23438
Monaco,MCO,1990,201
Monaco,MCO,1991,202
Monaco,MCO,1992,203
Monaco,MCO,1993,204
Monaco,MCO,1994,205
Monaco,MCO,1995,205
Monaco,MCO,1996,205
Monaco,MCO,1997,202
Monaco,MCO,1998,196
Monaco,MCO,1999,188
Monaco,MCO,2000,178
Monaco,MCO,2001,173
Monaco,MCO,2002,170
Monaco,MCO,2003,169
Monaco,MCO,2004,168
Monaco,MCO,2005,168
Monaco,MCO,2006,168
Monaco,MCO,2007,168
Monaco,MCO,2008,168
Monaco,MCO,2009,168
Monaco,MCO,2010,169
Monaco,MCO,2011,169
Monaco,MCO,2012,168
Monaco,MCO,2013,167
Monaco,MCO,2014,166
Monaco,MCO,2015,165
Monaco,MCO,2016,164
Monaco,MCO,2017,163
Monaco,MCO,2018,162
Monaco,MCO,2019,161
Mongolia,MNG,2007,7582
Mongolia,MNG,2008,7564
Mongolia,MNG,2009,7769
Mongolia,MNG,1990,5951
Mongolia,MNG,1991,6178
Mongolia,MNG,1992,6391
Mongolia,MNG,1993,6487
Mongolia,MNG,1994,6652
Mongolia,MNG,1995,7103
Mongolia,MNG,1996,7424
Mongolia,MNG,1997,7486
Mongolia,MNG,1998,7530
Mongolia,MNG,1999,7667
Mongolia,MNG,2000,7803
Mongolia,MNG,2001,7965
Mongolia,MNG,2002,7925
Mongolia,MNG,2003,7865
Mongolia,MNG,2004,7753
Mongolia,MNG,2005,7749
Mongolia,MNG,2006,7745
Mongolia,MNG,2010,7891
Mongolia,MNG,2011,8023
Mongolia,MNG,2012,8009
Mongolia,MNG,2013,7973
Mongolia,MNG,2014,7903
Mongolia,MNG,2015,8060
Mongolia,MNG,2016,8571
Mongolia,MNG,2017,8922
Mongolia,MNG,2018,9299
Mongolia,MNG,2019,9806
Montenegro,MNE,1990,2347
Montenegro,MNE,1991,2303
Montenegro,MNE,1992,2371
Montenegro,MNE,1993,2529
Montenegro,MNE,1994,2683
Montenegro,MNE,1995,2778
Montenegro,MNE,1996,2878
Montenegro,MNE,1997,3002
Montenegro,MNE,1998,3011
Montenegro,MNE,1999,3027
Montenegro,MNE,2000,3069
Montenegro,MNE,2001,3144
Montenegro,MNE,2002,3230
Montenegro,MNE,2003,3357
Montenegro,MNE,2004,3465
Montenegro,MNE,2005,3571
Montenegro,MNE,2006,3647
Montenegro,MNE,2007,3724
Montenegro,MNE,2008,3753
Montenegro,MNE,2009,3783
Montenegro,MNE,2010,3784
Montenegro,MNE,2011,3816
Montenegro,MNE,2012,3837
Montenegro,MNE,2013,3902
Montenegro,MNE,2014,3979
Montenegro,MNE,2015,4039
Montenegro,MNE,2016,4047
Montenegro,MNE,2017,4066
Montenegro,MNE,2018,4007
Montenegro,MNE,2019,3943
Morocco,MAR,1990,57888
Morocco,MAR,1991,59719
Morocco,MAR,1992,62875
Morocco,MAR,1993,65445
Morocco,MAR,1994,66526
Morocco,MAR,1995,68162
Morocco,MAR,1996,69194
Morocco,MAR,1997,70916
Morocco,MAR,1998,72395
Morocco,MAR,1999,74713
Morocco,MAR,2000,73717
Morocco,MAR,2001,73896
Morocco,MAR,2002,75065
Morocco,MAR,2003,78456
Morocco,MAR,2004,80401
Morocco,MAR,2005,82674
Morocco,MAR,2006,85163
Morocco,MAR,2007,87876
Morocco,MAR,2008,89746
Morocco,MAR,2009,91495
Morocco,MAR,2010,93006
Morocco,MAR,2011,94564
Morocco,MAR,2012,96921
Morocco,MAR,2013,107171
Morocco,MAR,2014,108079
Morocco,MAR,2015,109198
Morocco,MAR,2016,110845
Morocco,MAR,2017,112904
Morocco,MAR,2018,115052
Morocco,MAR,2019,117034
Mozambique,MOZ,1990,15537
Mozambique,MOZ,1991,15604
Mozambique,MOZ,1992,15851
Mozambique,MOZ,1993,16155
Mozambique,MOZ,1994,16320
Mozambique,MOZ,1995,16483
Mozambique,MOZ,1996,16681
Mozambique,MOZ,1997,16953
Mozambique,MOZ,1998,17190
Mozambique,MOZ,1999,17504
Mozambique,MOZ,2000,18015
Mozambique,MOZ,2001,18078
Mozambique,MOZ,2002,18662
Mozambique,MOZ,2003,19129
Mozambique,MOZ,2004,19958
Mozambique,MOZ,2005,20910
Mozambique,MOZ,2006,21914
Mozambique,MOZ,2007,22813
Mozambique,MOZ,2008,23992
Mozambique,MOZ,2009,25010
Mozambique,MOZ,2010,26164
Mozambique,MOZ,2011,27213
Mozambique,MOZ,2012,28222
Mozambique,MOZ,2013,29036
Mozambique,MOZ,2014,29557
Mozambique,MOZ,2015,30001
Mozambique,MOZ,2016,30321
Mozambique,MOZ,2017,30736
Mozambique,MOZ,2018,31218
Mozambique,MOZ,2019,31692
Myanmar,MMR,1990,96785
Myanmar,MMR,1991,99100
Myanmar,MMR,1992,101067
Myanmar,MMR,1993,103023
Myanmar,MMR,1994,104821
Myanmar,MMR,1995,106547
Myanmar,MMR,1996,108250
Myanmar,MMR,1997,109929
Myanmar,MMR,1998,111694
Myanmar,MMR,1999,113463
Myanmar,MMR,2000,115303
Myanmar,MMR,2001,117017
Myanmar,MMR,2002,118215
Myanmar,MMR,2003,119109
Myanmar,MMR,2004,120470
Myanmar,MMR,2005,120240
Myanmar,MMR,2006,120544
Myanmar,MMR,2007,119798
Myanmar,MMR,2008,119276
Myanmar,MMR,2009,119782
Myanmar,MMR,2010,119762
Myanmar,MMR,2011,121071
Myanmar,MMR,2012,121857
Myanmar,MMR,2013,124067
Myanmar,MMR,2014,125861
Myanmar,MMR,2015,127955
Myanmar,MMR,2016,130207
Myanmar,MMR,2017,133165
Myanmar,MMR,2018,135906
Myanmar,MMR,2019,138139
Namibia,NAM,1990,2241
Namibia,NAM,1991,2307
Namibia,NAM,1992,2392
Namibia,NAM,1993,2470
Namibia,NAM,1994,2577
Namibia,NAM,1995,2684
Namibia,NAM,1996,2781
Namibia,NAM,1997,2895
Namibia,NAM,1998,3029
Namibia,NAM,1999,3176
Namibia,NAM,2000,3319
Namibia,NAM,2001,3347
Namibia,NAM,2002,3436
Namibia,NAM,2003,3440
Namibia,NAM,2004,3406
Namibia,NAM,2005,3355
Namibia,NAM,2006,3284
Namibia,NAM,2007,3226
Namibia,NAM,2008,3192
Namibia,NAM,2009,3191
Namibia,NAM,2010,3211
Namibia,NAM,2011,3190
Namibia,NAM,2012,3226
Namibia,NAM,2013,3282
Namibia,NAM,2014,3364
Namibia,NAM,2015,3450
Namibia,NAM,2016,3532
Namibia,NAM,2017,3607
Namibia,NAM,2018,3681
Namibia,NAM,2019,3747
Nauru,NRU,1990,22
Nauru,NRU,1991,23
Nauru,NRU,1992,23
Nauru,NRU,1993,24
Nauru,NRU,1994,24
Nauru,NRU,1995,25
Nauru,NRU,1996,26
Nauru,NRU,1997,26
Nauru,NRU,1998,27
Nauru,NRU,1999,28
Nauru,NRU,2000,28
Nauru,NRU,2001,29
Nauru,NRU,2002,29
Nauru,NRU,2003,29
Nauru,NRU,2004,29
Nauru,NRU,2005,28
Nauru,NRU,2006,28
Nauru,NRU,2007,28
Nauru,NRU,2008,27
Nauru,NRU,2009,27
Nauru,NRU,2010,26
Nauru,NRU,2011,26
Nauru,NRU,2012,25
Nauru,NRU,2013,25
Nauru,NRU,2014,24
Nauru,NRU,2015,24
Nauru,NRU,2016,23
Nauru,NRU,2017,23
Nauru,NRU,2018,23
Nauru,NRU,2019,23
Nepal,NPL,1990,21707
Nepal,NPL,1991,22043
Nepal,NPL,1992,22256
Nepal,NPL,1993,22804
Nepal,NPL,1994,23072
Nepal,NPL,1995,23377
Nepal,NPL,1996,23472
Nepal,NPL,1997,23809
Nepal,NPL,1998,24099
Nepal,NPL,1999,24387
Nepal,NPL,2000,24824
Nepal,NPL,2001,25111
Nepal,NPL,2002,25488
Nepal,NPL,2003,26035
Nepal,NPL,2004,26873
Nepal,NPL,2005,27800
Nepal,NPL,2006,28935
Nepal,NPL,2007,30178
Nepal,NPL,2008,31364
Nepal,NPL,2009,32632
Nepal,NPL,2010,33914
Nepal,NPL,2011,35537
Nepal,NPL,2012,37001
Nepal,NPL,2013,38551
Nepal,NPL,2014,39680
Nepal,NPL,2015,41124
Nepal,NPL,2016,42321
Nepal,NPL,2017,43710
Nepal,NPL,2018,45147
Nepal,NPL,2019,46501
Netherlands,NLD,1990,51094
Netherlands,NLD,1991,50589
Netherlands,NLD,1992,50477
Netherlands,NLD,1993,51428
Netherlands,NLD,1994,50560
Netherlands,NLD,1995,50609
Netherlands,NLD,1996,50464
Netherlands,NLD,1997,49713
Netherlands,NLD,1998,49443
Netherlands,NLD,1999,49598
Netherlands,NLD,2000,49240
Netherlands,NLD,2001,48550
Netherlands,NLD,2002,48299
Netherlands,NLD,2003,47963
Netherlands,NLD,2004,44799
Netherlands,NLD,2005,43015
Netherlands,NLD,2006,41332
Netherlands,NLD,2007,39661
Netherlands,NLD,2008,38765
Netherlands,NLD,2009,37942
Netherlands,NLD,2010,37570
Netherlands,NLD,2011,37358
Netherlands,NLD,2012,37670
Netherlands,NLD,2013,37725
Netherlands,NLD,2014,37672
Netherlands,NLD,2015,38669
Netherlands,NLD,2016,39559
Netherlands,NLD,2017,40577
Netherlands,NLD,2018,41547
Netherlands,NLD,2019,42569
New Caledonia,NCL,1992,
New Zealand,NZL,1990,11253
New Zealand,NZL,1991,11179
New Zealand,NZL,1992,11324
New Zealand,NZL,1993,11434
New Zealand,NZL,1994,11271
New Zealand,NZL,1995,11483
New Zealand,NZL,1996,11425
New Zealand,NZL,1997,11272
New Zealand,NZL,1998,11018
New Zealand,NZL,1999,11196
New Zealand,NZL,2000,11070
New Zealand,NZL,2001,11223
New Zealand,NZL,2002,11334
New Zealand,NZL,2003,11019
New Zealand,NZL,2004,10854
New Zealand,NZL,2005,10566
New Zealand,NZL,2006,10462
New Zealand,NZL,2007,10425
New Zealand,NZL,2008,10388
New Zealand,NZL,2009,10259
New Zealand,NZL,2010,10225
New Zealand,NZL,2011,10420
New Zealand,NZL,2012,10438
New Zealand,NZL,2013,10316
New Zealand,NZL,2014,10558
New Zealand,NZL,2015,10673
New Zealand,NZL,2016,10833
New Zealand,NZL,2017,11041
New Zealand,NZL,2018,11653
New Zealand,NZL,2019,11948
Nicaragua,NIC,1990,2780
Nicaragua,NIC,1991,3185
Nicaragua,NIC,1992,3261
Nicaragua,NIC,1993,3433
Nicaragua,NIC,1994,3582
Nicaragua,NIC,1995,4659
Nicaragua,NIC,1996,4869
Nicaragua,NIC,1997,4702
Nicaragua,NIC,1998,4639
Nicaragua,NIC,1999,4750
Nicaragua,NIC,2000,4791
Nicaragua,NIC,2001,5028
Nicaragua,NIC,2002,5306
Nicaragua,NIC,2003,5490
Nicaragua,NIC,2004,5660
Nicaragua,NIC,2005,5938
Nicaragua,NIC,2006,5670
Nicaragua,NIC,2007,6044
Nicaragua,NIC,2008,6242
Nicaragua,NIC,2009,6325
Nicaragua,NIC,2010,6375
Nicaragua,NIC,2011,6578
Nicaragua,NIC,2012,6755
Nicaragua,NIC,2013,6951
Nicaragua,NIC,2014,7135
Nicaragua,NIC,2015,7260
Nicaragua,NIC,2016,7553
Nicaragua,NIC,2017,7714
Nicaragua,NIC,2018,8010
Nicaragua,NIC,2019,8202
Niger,NER,1990,7480
Niger,NER,1991,7534
Niger,NER,1992,7728
Niger,NER,1993,7932
Niger,NER,1994,8025
Niger,NER,1995,8231
Niger,NER,1996,8238
Niger,NER,1997,8481
Niger,NER,1998,8725
Niger,NER,1999,8983
Niger,NER,2000,9308
Niger,NER,2001,9605
Niger,NER,2002,9871
Niger,NER,2003,10201
Niger,NER,2004,10267
Niger,NER,2005,10633
Niger,NER,2006,10813
Niger,NER,2007,11037
Niger,NER,2008,11158
Niger,NER,2009,11444
Niger,NER,2010,11791
Niger,NER,2011,12282
Niger,NER,2012,12727
Niger,NER,2013,13217
Niger,NER,2014,13734
Niger,NER,2015,14796
Niger,NER,2016,15468
Niger,NER,2017,16215
Niger,NER,2018,16812
Niger,NER,2019,17201
Nigeria,NGA,2007,133656
Nigeria,NGA,2008,133744
Nigeria,NGA,2009,135318
Nigeria,NGA,2013,146744
Nigeria,NGA,2016,155266
Nigeria,NGA,1990,118057
Nigeria,NGA,1991,120203
Nigeria,NGA,1992,123006
Nigeria,NGA,1993,125642
Nigeria,NGA,1994,127914
Nigeria,NGA,1995,129482
Nigeria,NGA,1996,132523
Nigeria,NGA,1997,135221
Nigeria,NGA,1998,138002
Nigeria,NGA,1999,140664
Nigeria,NGA,2000,142398
Nigeria,NGA,2001,141888
Nigeria,NGA,2002,142175
Nigeria,NGA,2003,140179
Nigeria,NGA,2004,138269
Nigeria,NGA,2005,136056
Nigeria,NGA,2006,135125
Nigeria,NGA,2010,137026
Nigeria,NGA,2011,139912
Nigeria,NGA,2012,143645
Nigeria,NGA,2014,148499
Nigeria,NGA,2015,153963
Nigeria,NGA,2017,157966
Nigeria,NGA,2018,160449
Nigeria,NGA,2019,163496
Niue,NIU,1990,10
Niue,NIU,1991,10
Niue,NIU,1992,10
Niue,NIU,1993,10
Niue,NIU,1994,10
Niue,NIU,1995,10
Niue,NIU,1996,10
Niue,NIU,1997,10
Niue,NIU,1998,9
Niue,NIU,1999,9
Niue,NIU,2000,9
Niue,NIU,2001,9
Niue,NIU,2002,9
Niue,NIU,2003,9
Niue,NIU,2004,9
Niue,NIU,2005,8
Niue,NIU,2006,8
Niue,NIU,2007,8
Niue,NIU,2008,8
Niue,NIU,2009,8
Niue,NIU,2010,8
Niue,NIU,2011,8
Niue,NIU,2012,8
Niue,NIU,2013,8
Niue,NIU,2014,8
Niue,NIU,2015,8
Niue,NIU,2016,8
Niue,NIU,2017,8
Niue,NIU,2018,8
Niue,NIU,2019,8
North America,,1990,
North America,,1991,
North America,,1992,
North America,,1994,
North America,,1995,
North America,,1996,
North America,,1997,
North America,,1998,
North America,,1999,
North America,,2000,
North America,,2001,
North America,,2002,
North America,,2003,
North America,,2004,
North America,,2005,
North America,,2006,
North America,,2007,
North America,,2008,
North America,,2009,
North America,,2010,
North America,,2011,
North America,,2012,
North America,,2013,
North America,,2014,
North America,,2015,
North America,,2016,
North America,,2017,
North America (WB),,1990,954324
North America (WB),,1991,952610
North America (WB),,1992,950189
North America (WB),,1993,971665
North America (WB),,1994,976814
North America (WB),,1995,986663
North America (WB),,1996,984957
North America (WB),,1997,982373
North America (WB),,1998,987199
North America (WB),,1999,997791
North America (WB),,2000,994343
North America (WB),,2001,988592
North America (WB),,2002,983972
North America (WB),,2003,969538
North America (WB),,2004,940978
North America (WB),,2005,936535
North America (WB),,2006,920851
North America (WB),,2007,906073
North America (WB),,2008,902579
North America (WB),,2009,891858
North America (WB),,2010,888406
North America (WB),,2011,898547
North America (WB),,2012,905427
North America (WB),,2013,916366
North America (WB),,2014,929005
North America (WB),,2015,948593
North America (WB),,2016,966019
North America (WB),,2017,974957
North America (WB),,2018,1009549
North America (WB),,2019,1040308
North Korea,PRK,2008,84171
North Korea,PRK,2010,88259
North Korea,PRK,2011,90209
North Korea,PRK,2012,91794
North Korea,PRK,2013,93298
North Korea,PRK,2014,94634
North Korea,PRK,2015,96119
North Korea,PRK,2016,97513
North Korea,PRK,1990,45575
North Korea,PRK,1991,47352
North Korea,PRK,1992,49264
North Korea,PRK,1993,51367
North Korea,PRK,1994,53592
North Korea,PRK,1995,55084
North Korea,PRK,1996,56311
North Korea,PRK,1997,58086
North Korea,PRK,1998,59858
North Korea,PRK,1999,61774
North Korea,PRK,2000,63750
North Korea,PRK,2001,65807
North Korea,PRK,2002,67786
North Korea,PRK,2003,70293
North Korea,PRK,2004,73386
North Korea,PRK,2005,76257
North Korea,PRK,2006,79074
North Korea,PRK,2007,81731
North Korea,PRK,2009,86357
North Korea,PRK,2017,99253
North Korea,PRK,2018,100914
North Korea,PRK,2019,102586
North Macedonia,MKD,1990,9280
North Macedonia,MKD,1991,9331
North Macedonia,MKD,1992,9939
North Macedonia,MKD,1993,10206
North Macedonia,MKD,1994,10330
North Macedonia,MKD,1995,10606
North Macedonia,MKD,1996,10855
North Macedonia,MKD,1997,11096
North Macedonia,MKD,1998,11368
North Macedonia,MKD,1999,11421
North Macedonia,MKD,2000,11578
North Macedonia,MKD,2001,11885
North Macedonia,MKD,2002,12262
North Macedonia,MKD,2003,12275
North Macedonia,MKD,2004,12133
North Macedonia,MKD,2005,12335
North Macedonia,MKD,2006,12632
North Macedonia,MKD,2007,12939
North Macedonia,MKD,2008,12680
North Macedonia,MKD,2009,12739
North Macedonia,MKD,2010,12749
North Macedonia,MKD,2011,12681
North Macedonia,MKD,2012,12914
North Macedonia,MKD,2013,12751
North Macedonia,MKD,2014,13092
North Macedonia,MKD,2015,13478
North Macedonia,MKD,2016,13605
North Macedonia,MKD,2017,13769
North Macedonia,MKD,2018,13887
North Macedonia,MKD,2019,14023
Northern Ireland,,1990,6902
Northern Ireland,,1991,6743
Northern Ireland,,1992,6589
Northern Ireland,,1993,6706
Northern Ireland,,1994,6532
Northern Ireland,,1995,6564
Northern Ireland,,1996,6349
Northern Ireland,,1997,6258
Northern Ireland,,1998,6193
Northern Ireland,,1999,6179
Northern Ireland,,2000,5920
Northern Ireland,,2001,5645
Northern Ireland,,2002,5584
Northern Ireland,,2003,5378
Northern Ireland,,2004,5207
Northern Ireland,,2005,5011
Northern Ireland,,2006,4929
Northern Ireland,,2007,4852
Northern Ireland,,2008,4735
Northern Ireland,,2009,4591
Northern Ireland,,2010,4537
Northern Ireland,,2011,4446
Northern Ireland,,2012,4507
Northern Ireland,,2013,4468
Northern Ireland,,2014,4362
Northern Ireland,,2015,4416
Northern Ireland,,2016,4456
Northern Ireland,,2017,4631
Northern Ireland,,2018,4873
Northern Ireland,,2019,5024
Northern Mariana Islands,MNP,1990,48
Northern Mariana Islands,MNP,1991,50
Northern Mariana Islands,MNP,1992,51
Northern Mariana Islands,MNP,1993,50
Northern Mariana Islands,MNP,1994,50
Northern Mariana Islands,MNP,1995,51
Northern Mariana Islands,MNP,1996,54
Northern Mariana Islands,MNP,1997,57
Northern Mariana Islands,MNP,1998,61
Northern Mariana Islands,MNP,1999,66
Northern Mariana Islands,MNP,2000,70
Northern Mariana Islands,MNP,2001,72
Northern Mariana Islands,MNP,2002,72
Northern Mariana Islands,MNP,2003,72
Northern Mariana Islands,MNP,2004,72
Northern Mariana Islands,MNP,2005,74
Northern Mariana Islands,MNP,2006,77
Northern Mariana Islands,MNP,2007,80
Northern Mariana Islands,MNP,2008,84
Northern Mariana Islands,MNP,2009,88
Northern Mariana Islands,MNP,2010,91
Northern Mariana Islands,MNP,2011,95
Northern Mariana Islands,MNP,2012,97
Northern Mariana Islands,MNP,2013,99
Northern Mariana Islands,MNP,2014,102
Northern Mariana Islands,MNP,2015,105
Northern Mariana Islands,MNP,2016,110
Northern Mariana Islands,MNP,2017,112
Northern Mariana Islands,MNP,2018,114
Northern Mariana Islands,MNP,2019,116
Norway,NOR,1990,21155
Norway,NOR,1991,20796
Norway,NOR,1992,20763
Norway,NOR,1993,20737
Norway,NOR,1994,20320
Norway,NOR,1995,19909
Norway,NOR,1996,19601
Norway,NOR,1997,19318
Norway,NOR,1998,19192
Norway,NOR,1999,18866
Norway,NOR,2000,18324
Norway,NOR,2001,17872
Norway,NOR,2002,17488
Norway,NOR,2003,16654
Norway,NOR,2004,15891
Norway,NOR,2005,15301
Norway,NOR,2006,15057
Norway,NOR,2007,14895
Norway,NOR,2008,14511
Norway,NOR,2009,14090
Norway,NOR,2010,13746
Norway,NOR,2011,13777
Norway,NOR,2012,13510
Norway,NOR,2013,13215
Norway,NOR,2014,12752
Norway,NOR,2015,12516
Norway,NOR,2016,12452
Norway,NOR,2017,12235
Norway,NOR,2018,12585
Norway,NOR,2019,12724
OECD Countries,,1990,3685597
OECD Countries,,1991,3673117
OECD Countries,,1992,3643574
OECD Countries,,1993,3657381
OECD Countries,,1994,3636490
OECD Countries,,1995,3643642
OECD Countries,,1996,3605894
OECD Countries,,1997,3571873
OECD Countries,,1998,3561630
OECD Countries,,1999,3551599
OECD Countries,,2000,3486746
OECD Countries,,2001,3455347
OECD Countries,,2002,3450520
OECD Countries,,2003,3430013
OECD Countries,,2004,3342070
OECD Countries,,2005,3326957
OECD Countries,,2006,3289638
OECD Countries,,2007,3274280
OECD Countries,,2008,3271638
OECD Countries,,2009,3262756
OECD Countries,,2010,3257898
OECD Countries,,2011,3282810
OECD Countries,,2012,3315015
OECD Countries,,2013,3343113
OECD Countries,,2014,3358925
OECD Countries,,2015,3434441
OECD Countries,,2016,3470393
OECD Countries,,2017,3527257
OECD Countries,,2018,3629731
OECD Countries,,2019,3723313
Oman,OMN,2009,4534
Oman,OMN,2015,5246
Oman,OMN,1990,3471
Oman,OMN,1991,3556
Oman,OMN,1992,3640
Oman,OMN,1993,3707
Oman,OMN,1994,3793
Oman,OMN,1995,3884
Oman,OMN,1996,3984
Oman,OMN,1997,4058
Oman,OMN,1998,4101
Oman,OMN,1999,4119
Oman,OMN,2000,4151
Oman,OMN,2001,4143
Oman,OMN,2002,4213
Oman,OMN,2003,4199
Oman,OMN,2004,4069
Oman,OMN,2005,4171
Oman,OMN,2006,4416
Oman,OMN,2007,4547
Oman,OMN,2008,4578
Oman,OMN,2010,4698
Oman,OMN,2011,4891
Oman,OMN,2012,4979
Oman,OMN,2013,5067
Oman,OMN,2014,5087
Oman,OMN,2016,5372
Oman,OMN,2017,5372
Oman,OMN,2018,5079
Oman,OMN,2019,4998
Pakistan,PAK,2007,266758
Pakistan,PAK,2008,271526
Pakistan,PAK,2009,275938
Pakistan,PAK,2012,292618
Pakistan,PAK,2014,307223
Pakistan,PAK,2015,313967
Pakistan,PAK,2016,320769
Pakistan,PAK,1990,172526
Pakistan,PAK,1991,179306
Pakistan,PAK,1992,187083
Pakistan,PAK,1993,194911
Pakistan,PAK,1994,203609
Pakistan,PAK,1995,213514
Pakistan,PAK,1996,219882
Pakistan,PAK,1997,225799
Pakistan,PAK,1998,228975
Pakistan,PAK,1999,233120
Pakistan,PAK,2000,238629
Pakistan,PAK,2001,244193
Pakistan,PAK,2002,248933
Pakistan,PAK,2003,253098
Pakistan,PAK,2004,256841
Pakistan,PAK,2005,260552
Pakistan,PAK,2006,264165
Pakistan,PAK,2010,281008
Pakistan,PAK,2011,286459
Pakistan,PAK,2013,300309
Pakistan,PAK,2017,327940
Pakistan,PAK,2018,334433
Pakistan,PAK,2019,341108
Palau,PLW,1990,37
Palau,PLW,1991,37
Palau,PLW,1992,38
Palau,PLW,1993,39
Palau,PLW,1994,41
Palau,PLW,1995,42
Palau,PLW,1996,43
Palau,PLW,1997,45
Palau,PLW,1998,46
Palau,PLW,1999,48
Palau,PLW,2000,49
Palau,PLW,2001,50
Palau,PLW,2002,50
Palau,PLW,2003,51
Palau,PLW,2004,52
Palau,PLW,2005,52
Palau,PLW,2006,52
Palau,PLW,2007,53
Palau,PLW,2008,53
Palau,PLW,2009,54
Palau,PLW,2010,54
Palau,PLW,2011,55
Palau,PLW,2012,55
Palau,PLW,2013,56
Palau,PLW,2014,58
Palau,PLW,2015,59
Palau,PLW,2016,60
Palau,PLW,2017,62
Palau,PLW,2018,63
Palau,PLW,2019,65
Palestine,PSE,2009,5153
Palestine,PSE,2010,5256
Palestine,PSE,2011,5342
Palestine,PSE,2012,5220
Palestine,PSE,2013,5278
Palestine,PSE,2014,5647
Palestine,PSE,2016,6162
Palestine,PSE,1990,3887
Palestine,PSE,1991,3931
Palestine,PSE,1992,3962
Palestine,PSE,1993,4003
Palestine,PSE,1994,4043
Palestine,PSE,1995,4096
Palestine,PSE,1996,4170
Palestine,PSE,1997,4241
Palestine,PSE,1998,4306
Palestine,PSE,1999,4372
Palestine,PSE,2000,4468
Palestine,PSE,2001,4574
Palestine,PSE,2002,4706
Palestine,PSE,2003,4801
Palestine,PSE,2004,4897
Palestine,PSE,2005,4955
Palestine,PSE,2006,5035
Palestine,PSE,2007,5047
Palestine,PSE,2008,5098
Palestine,PSE,2015,5972
Palestine,PSE,2017,6339
Palestine,PSE,2018,6511
Palestine,PSE,2019,6710
Panama,PAN,1990,2967
Panama,PAN,1991,2972
Panama,PAN,1992,3111
Panama,PAN,1993,3269
Panama,PAN,1994,3254
Panama,PAN,1995,3337
Panama,PAN,1996,3338
Panama,PAN,1997,3517
Panama,PAN,1998,3464
Panama,PAN,1999,3390
Panama,PAN,2000,3282
Panama,PAN,2001,3351
Panama,PAN,2002,3473
Panama,PAN,2003,3654
Panama,PAN,2004,3734
Panama,PAN,2005,3873
Panama,PAN,2006,3953
Panama,PAN,2007,3949
Panama,PAN,2008,4065
Panama,PAN,2009,4226
Panama,PAN,2010,4322
Panama,PAN,2011,4407
Panama,PAN,2012,4533
Panama,PAN,2013,4691
Panama,PAN,2014,4794
Panama,PAN,2015,4857
Panama,PAN,2016,4990
Panama,PAN,2017,5126
Panama,PAN,2018,5192
Panama,PAN,2019,5318
Papua New Guinea,PNG,1990,5599
Papua New Guinea,PNG,1991,5787
Papua New Guinea,PNG,1992,5975
Papua New Guinea,PNG,1993,6115
Papua New Guinea,PNG,1994,6264
Papua New Guinea,PNG,1995,6450
Papua New Guinea,PNG,1996,6663
Papua New Guinea,PNG,1997,6903
Papua New Guinea,PNG,1998,7210
Papua New Guinea,PNG,1999,7514
Papua New Guinea,PNG,2000,7795
Papua New Guinea,PNG,2001,8102
Papua New Guinea,PNG,2002,8479
Papua New Guinea,PNG,2003,8858
Papua New Guinea,PNG,2004,9270
Papua New Guinea,PNG,2005,9707
Papua New Guinea,PNG,2006,10075
Papua New Guinea,PNG,2007,10489
Papua New Guinea,PNG,2008,10817
Papua New Guinea,PNG,2009,11125
Papua New Guinea,PNG,2010,11624
Papua New Guinea,PNG,2011,12031
Papua New Guinea,PNG,2012,12401
Papua New Guinea,PNG,2013,12700
Papua New Guinea,PNG,2014,13081
Papua New Guinea,PNG,2015,13580
Papua New Guinea,PNG,2016,13910
Papua New Guinea,PNG,2017,14431
Papua New Guinea,PNG,2018,15029
Papua New Guinea,PNG,2019,15540
Paraguay,PRY,1990,5014
Paraguay,PRY,1991,4866
Paraguay,PRY,1992,5246
Paraguay,PRY,1993,5522
Paraguay,PRY,1994,5724
Paraguay,PRY,1995,5941
Paraguay,PRY,1996,6155
Paraguay,PRY,1997,5937
Paraguay,PRY,1998,5989
Paraguay,PRY,1999,6069
Paraguay,PRY,2000,6041
Paraguay,PRY,2001,5946
Paraguay,PRY,2002,6008
Paraguay,PRY,2003,6298
Paraguay,PRY,2004,6761
Paraguay,PRY,2005,6954
Paraguay,PRY,2006,7234
Paraguay,PRY,2007,7263
Paraguay,PRY,2008,7447
Paraguay,PRY,2009,7915
Paraguay,PRY,2010,8210
Paraguay,PRY,2011,8209
Paraguay,PRY,2012,8265
Paraguay,PRY,2013,8565
Paraguay,PRY,2014,8454
Paraguay,PRY,2015,8677
Paraguay,PRY,2016,9269
Paraguay,PRY,2017,9478
Paraguay,PRY,2018,9661
Paraguay,PRY,2019,9912
Peru,PER,1990,21466
Peru,PER,1991,19708
Peru,PER,1992,21340
Peru,PER,1993,21712
Peru,PER,1994,21914
Peru,PER,1995,22464
Peru,PER,1996,21475
Peru,PER,1997,21385
Peru,PER,1998,21485
Peru,PER,1999,20155
Peru,PER,2000,20484
Peru,PER,2001,19812
Peru,PER,2002,19890
Peru,PER,2003,20411
Peru,PER,2004,20073
Peru,PER,2005,20083
Peru,PER,2006,19923
Peru,PER,2007,19653
Peru,PER,2008,20287
Peru,PER,2009,23332
Peru,PER,2010,24665
Peru,PER,2011,25133
Peru,PER,2012,25573
Peru,PER,2013,25939
Peru,PER,2014,25674
Peru,PER,2015,25742
Peru,PER,2016,26404
Peru,PER,2017,27352
Peru,PER,2018,28272
Peru,PER,2019,29215
Philippines,PHL,1990,45711
Philippines,PHL,1991,44960
Philippines,PHL,1992,46557
Philippines,PHL,1993,48669
Philippines,PHL,1994,51541
Philippines,PHL,1995,54824
Philippines,PHL,1996,59699
Philippines,PHL,1997,64685
Philippines,PHL,1998,72612
Philippines,PHL,1999,83763
Philippines,PHL,2000,95581
Philippines,PHL,2001,106850
Philippines,PHL,2002,117398
Philippines,PHL,2003,122881
Philippines,PHL,2004,129074
Philippines,PHL,2005,137238
Philippines,PHL,2006,142313
Philippines,PHL,2007,145342
Philippines,PHL,2008,151552
Philippines,PHL,2009,157518
Philippines,PHL,2010,161854
Philippines,PHL,2011,166853
Philippines,PHL,2012,172643
Philippines,PHL,2013,177293
Philippines,PHL,2014,182449
Philippines,PHL,2015,189416
Philippines,PHL,2016,193603
Philippines,PHL,2017,197124
Philippines,PHL,2018,200391
Philippines,PHL,2019,204311
Poland,POL,1990,196011
Poland,POL,1991,203919
Poland,POL,1992,200393
Poland,POL,1993,195043
Poland,POL,1994,193803
Poland,POL,1995,194131
Poland,POL,1996,189609
Poland,POL,1997,187010
Poland,POL,1998,181235
Poland,POL,1999,181199
Poland,POL,2000,172892
Poland,POL,2001,168514
Poland,POL,2002,165009
Poland,POL,2003,163649
Poland,POL,2004,163720
Poland,POL,2005,163469
Poland,POL,2006,163700
Poland,POL,2007,164625
Poland,POL,2008,164547
Poland,POL,2009,165175
Poland,POL,2010,161591
Poland,POL,2011,161196
Poland,POL,2012,163839
Poland,POL,2013,163399
Poland,POL,2014,160958
Poland,POL,2015,165389
Poland,POL,2016,164834
Poland,POL,2017,167725
Poland,POL,2018,171814
Poland,POL,2019,174736
Portugal,PRT,1990,45852
Portugal,PRT,1991,46138
Portugal,PRT,1992,45246
Portugal,PRT,1993,45515
Portugal,PRT,1994,43865
Portugal,PRT,1995,44105
Portugal,PRT,1996,44396
Portugal,PRT,1997,43601
Portugal,PRT,1998,43336
Portugal,PRT,1999,43171
Portugal,PRT,2000,41920
Portugal,PRT,2001,41062
Portugal,PRT,2002,40731
Portugal,PRT,2003,40148
Portugal,PRT,2004,37951
Portugal,PRT,2005,36893
Portugal,PRT,2006,35771
Portugal,PRT,2007,35447
Portugal,PRT,2008,34883
Portugal,PRT,2009,34448
Portugal,PRT,2010,33939
Portugal,PRT,2011,33379
Portugal,PRT,2012,33269
Portugal,PRT,2013,33098
Portugal,PRT,2014,33084
Portugal,PRT,2015,33416
Portugal,PRT,2016,34279
Portugal,PRT,2017,35458
Portugal,PRT,2018,36363
Portugal,PRT,2019,37353
Puerto Rico,PRI,1990,8069
Puerto Rico,PRI,1991,8060
Puerto Rico,PRI,1992,8141
Puerto Rico,PRI,1993,8332
Puerto Rico,PRI,1994,8311
Puerto Rico,PRI,1995,8615
Puerto Rico,PRI,1996,8693
Puerto Rico,PRI,1997,8327
Puerto Rico,PRI,1998,8767
Puerto Rico,PRI,1999,8407
Puerto Rico,PRI,2000,8294
Puerto Rico,PRI,2001,8458
Puerto Rico,PRI,2002,8072
Puerto Rico,PRI,2003,8143
Puerto Rico,PRI,2004,8248
Puerto Rico,PRI,2005,8172
Puerto Rico,PRI,2006,7907
Puerto Rico,PRI,2007,7912
Puerto Rico,PRI,2008,7864
Puerto Rico,PRI,2009,7962
Puerto Rico,PRI,2010,7638
Puerto Rico,PRI,2011,8064
Puerto Rico,PRI,2012,7662
Puerto Rico,PRI,2013,7916
Puerto Rico,PRI,2014,7844
Puerto Rico,PRI,2015,7564
Puerto Rico,PRI,2016,7971
Puerto Rico,PRI,2017,8260
Puerto Rico,PRI,2018,8612
Puerto Rico,PRI,2019,8823
Qatar,QAT,1990,368
Qatar,QAT,1991,389
Qatar,QAT,1992,410
Qatar,QAT,1993,426
Qatar,QAT,1994,410
Qatar,QAT,1995,410
Qatar,QAT,1996,460
Qatar,QAT,1997,494
Qatar,QAT,1998,509
Qatar,QAT,1999,513
Qatar,QAT,2000,507
Qatar,QAT,2001,515
Qatar,QAT,2002,544
Qatar,QAT,2003,564
Qatar,QAT,2004,567
Qatar,QAT,2005,594
Qatar,QAT,2006,637
Qatar,QAT,2007,666
Qatar,QAT,2008,689
Qatar,QAT,2009,720
Qatar,QAT,2010,739
Qatar,QAT,2011,753
Qatar,QAT,2012,782
Qatar,QAT,2013,820
Qatar,QAT,2014,859
Qatar,QAT,2015,895
Qatar,QAT,2016,926
Qatar,QAT,2017,973
Qatar,QAT,2018,1045
Qatar,QAT,2019,1121
Region of the Americas (WHO),,1990,1637468
Region of the Americas (WHO),,1991,1635072
Region of the Americas (WHO),,1992,1645910
Region of the Americas (WHO),,1993,1683882
Region of the Americas (WHO),,1994,1693549
Region of the Americas (WHO),,1995,1710762
Region of the Americas (WHO),,1996,1716031
Region of the Americas (WHO),,1997,1712062
Region of the Americas (WHO),,1998,1726891
Region of the Americas (WHO),,1999,1743042
Region of the Americas (WHO),,2000,1738414
Region of the Americas (WHO),,2001,1741527
Region of the Americas (WHO),,2002,1755559
Region of the Americas (WHO),,2003,1757776
Region of the Americas (WHO),,2004,1737448
Region of the Americas (WHO),,2005,1737150
Region of the Americas (WHO),,2006,1732650
Region of the Americas (WHO),,2007,1732362
Region of the Americas (WHO),,2008,1747595
Region of the Americas (WHO),,2009,1762407
Region of the Americas (WHO),,2010,1775045
Region of the Americas (WHO),,2011,1797652
Region of the Americas (WHO),,2012,1819185
Region of the Americas (WHO),,2013,1853235
Region of the Americas (WHO),,2014,1885013
Region of the Americas (WHO),,2015,1929611
Region of the Americas (WHO),,2016,1979281
Region of the Americas (WHO),,2017,2011667
Region of the Americas (WHO),,2018,2069108
Region of the Americas (WHO),,2019,2130471
Romania,ROU,1990,136528
Romania,ROU,1991,139960
Romania,ROU,1992,147999
Romania,ROU,1993,149842
Romania,ROU,1994,152152
Romania,ROU,1995,159173
Romania,ROU,1996,166202
Romania,ROU,1997,165204
Romania,ROU,1998,159168
Romania,ROU,1999,151809
Romania,ROU,2000,147898
Romania,ROU,2001,151208
Romania,ROU,2002,155374
Romania,ROU,2003,154850
Romania,ROU,2004,150248
Romania,ROU,2005,151602
Romania,ROU,2006,148779
Romania,ROU,2007,145232
Romania,ROU,2008,145844
Romania,ROU,2009,147209
Romania,ROU,2010,147708
Romania,ROU,2011,142281
Romania,ROU,2012,143909
Romania,ROU,2013,139231
Romania,ROU,2014,143573
Romania,ROU,2015,143937
Romania,ROU,2016,144123
Romania,ROU,2017,145611
Romania,ROU,2018,147835
Romania,ROU,2019,150427
Russia,RUS,1990,890902
Russia,RUS,1991,908560
Russia,RUS,1992,969386
Russia,RUS,1993,1137879
Russia,RUS,1994,1243883
Russia,RUS,1995,1194364
Russia,RUS,1996,1141680
Russia,RUS,1997,1104033
Russia,RUS,1998,1103547
Russia,RUS,1999,1196838
Russia,RUS,2000,1247567
Russia,RUS,2001,1271444
Russia,RUS,2002,1310613
Russia,RUS,2003,1331711
Russia,RUS,2004,1296499
Russia,RUS,2005,1338945
Russia,RUS,2006,1247139
Russia,RUS,2007,1199743
Russia,RUS,2008,1204933
Russia,RUS,2009,1156917
Russia,RUS,2010,1161661
Russia,RUS,2011,1087537
Russia,RUS,2012,1062214
Russia,RUS,2013,1037827
Russia,RUS,2014,1044400
Russia,RUS,2015,1028256
Russia,RUS,2016,1016533
Russia,RUS,2017,977433
Russia,RUS,2018,986406
Russia,RUS,2019,1004931
Rwanda,RWA,1990,10440
Rwanda,RWA,1991,10865
Rwanda,RWA,1992,10393
Rwanda,RWA,1993,9218
Rwanda,RWA,1994,8773
Rwanda,RWA,1995,9095
Rwanda,RWA,1996,9754
Rwanda,RWA,1997,9978
Rwanda,RWA,1998,9735
Rwanda,RWA,1999,9253
Rwanda,RWA,2000,8789
Rwanda,RWA,2001,8399
Rwanda,RWA,2002,8264
Rwanda,RWA,2003,8112
Rwanda,RWA,2004,8012
Rwanda,RWA,2005,7888
Rwanda,RWA,2006,7864
Rwanda,RWA,2007,7945
Rwanda,RWA,2008,8066
Rwanda,RWA,2009,8146
Rwanda,RWA,2010,8383
Rwanda,RWA,2011,8672
Rwanda,RWA,2012,9046
Rwanda,RWA,2013,9299
Rwanda,RWA,2014,9634
Rwanda,RWA,2015,9997
Rwanda,RWA,2016,10385
Rwanda,RWA,2017,10783
Rwanda,RWA,2018,11322
Rwanda,RWA,2019,11826
Saint Kitts and Nevis,KNA,1990,208
Saint Kitts and Nevis,KNA,1991,176
Saint Kitts and Nevis,KNA,1992,175
Saint Kitts and Nevis,KNA,1993,171
Saint Kitts and Nevis,KNA,1994,175
Saint Kitts and Nevis,KNA,1995,180
Saint Kitts and Nevis,KNA,1996,175
Saint Kitts and Nevis,KNA,1997,170
Saint Kitts and Nevis,KNA,1998,165
Saint Kitts and Nevis,KNA,1999,160
Saint Kitts and Nevis,KNA,2000,156
Saint Kitts and Nevis,KNA,2001,152
Saint Kitts and Nevis,KNA,2002,149
Saint Kitts and Nevis,KNA,2003,144
Saint Kitts and Nevis,KNA,2004,140
Saint Kitts and Nevis,KNA,2005,138
Saint Kitts and Nevis,KNA,2006,138
Saint Kitts and Nevis,KNA,2007,136
Saint Kitts and Nevis,KNA,2008,131
Saint Kitts and Nevis,KNA,2009,130
Saint Kitts and Nevis,KNA,2010,129
Saint Kitts and Nevis,KNA,2011,130
Saint Kitts and Nevis,KNA,2012,130
Saint Kitts and Nevis,KNA,2013,132
Saint Kitts and Nevis,KNA,2014,135
Saint Kitts and Nevis,KNA,2015,137
Saint Kitts and Nevis,KNA,2016,139
Saint Kitts and Nevis,KNA,2017,142
Saint Kitts and Nevis,KNA,2018,146
Saint Kitts and Nevis,KNA,2019,157
Saint Lucia,LCA,1990,316
Saint Lucia,LCA,1991,315
Saint Lucia,LCA,1992,314
Saint Lucia,LCA,1993,312
Saint Lucia,LCA,1994,305
Saint Lucia,LCA,1995,300
Saint Lucia,LCA,1996,291
Saint Lucia,LCA,1997,283
Saint Lucia,LCA,1998,277
Saint Lucia,LCA,1999,275
Saint Lucia,LCA,2000,271
Saint Lucia,LCA,2001,279
Saint Lucia,LCA,2002,286
Saint Lucia,LCA,2003,291
Saint Lucia,LCA,2004,293
Saint Lucia,LCA,2005,297
Saint Lucia,LCA,2006,297
Saint Lucia,LCA,2007,291
Saint Lucia,LCA,2008,294
Saint Lucia,LCA,2009,297
Saint Lucia,LCA,2010,296
Saint Lucia,LCA,2011,300
Saint Lucia,LCA,2012,313
Saint Lucia,LCA,2013,340
Saint Lucia,LCA,2014,354
Saint Lucia,LCA,2015,370
Saint Lucia,LCA,2016,411
Saint Lucia,LCA,2017,425
Saint Lucia,LCA,2018,437
Saint Lucia,LCA,2019,446
Saint Vincent and the Grenadines,VCT,1990,257
Saint Vincent and the Grenadines,VCT,1991,260
Saint Vincent and the Grenadines,VCT,1992,264
Saint Vincent and the Grenadines,VCT,1993,265
Saint Vincent and the Grenadines,VCT,1994,264
Saint Vincent and the Grenadines,VCT,1995,253
Saint Vincent and the Grenadines,VCT,1996,251
Saint Vincent and the Grenadines,VCT,1997,251
Saint Vincent and the Grenadines,VCT,1998,250
Saint Vincent and the Grenadines,VCT,1999,249
Saint Vincent and the Grenadines,VCT,2000,248
Saint Vincent and the Grenadines,VCT,2001,240
Saint Vincent and the Grenadines,VCT,2002,242
Saint Vincent and the Grenadines,VCT,2003,242
Saint Vincent and the Grenadines,VCT,2004,245
Saint Vincent and the Grenadines,VCT,2005,248
Saint Vincent and the Grenadines,VCT,2006,250
Saint Vincent and the Grenadines,VCT,2007,256
Saint Vincent and the Grenadines,VCT,2008,274
Saint Vincent and the Grenadines,VCT,2009,285
Saint Vincent and the Grenadines,VCT,2010,294
Saint Vincent and the Grenadines,VCT,2011,306
Saint Vincent and the Grenadines,VCT,2012,315
Saint Vincent and the Grenadines,VCT,2013,322
Saint Vincent and the Grenadines,VCT,2014,333
Saint Vincent and the Grenadines,VCT,2015,336
Saint Vincent and the Grenadines,VCT,2016,339
Saint Vincent and the Grenadines,VCT,2017,346
Saint Vincent and the Grenadines,VCT,2018,351
Saint Vincent and the Grenadines,VCT,2019,355
Samoa,WSM,1990,357
Samoa,WSM,1991,362
Samoa,WSM,1992,367
Samoa,WSM,1993,372
Samoa,WSM,1994,378
Samoa,WSM,1995,384
Samoa,WSM,1996,389
Samoa,WSM,1997,393
Samoa,WSM,1998,397
Samoa,WSM,1999,404
Samoa,WSM,2000,411
Samoa,WSM,2001,418
Samoa,WSM,2002,424
Samoa,WSM,2003,433
Samoa,WSM,2004,441
Samoa,WSM,2005,449
Samoa,WSM,2006,458
Samoa,WSM,2007,465
Samoa,WSM,2008,472
Samoa,WSM,2009,479
Samoa,WSM,2010,485
Samoa,WSM,2011,492
Samoa,WSM,2012,498
Samoa,WSM,2013,505
Samoa,WSM,2014,511
Samoa,WSM,2015,517
Samoa,WSM,2016,522
Samoa,WSM,2017,528
Samoa,WSM,2018,533
Samoa,WSM,2019,539
San Marino,SMR,1990,57
San Marino,SMR,1991,58
San Marino,SMR,1992,59
San Marino,SMR,1993,60
San Marino,SMR,1994,62
San Marino,SMR,1995,63
San Marino,SMR,1996,64
San Marino,SMR,1997,65
San Marino,SMR,1998,66
San Marino,SMR,1999,67
San Marino,SMR,2000,69
San Marino,SMR,2001,71
San Marino,SMR,2002,73
San Marino,SMR,2003,76
San Marino,SMR,2004,78
San Marino,SMR,2005,80
San Marino,SMR,2006,81
San Marino,SMR,2007,82
San Marino,SMR,2008,83
San Marino,SMR,2009,83
San Marino,SMR,2010,84
San Marino,SMR,2011,86
San Marino,SMR,2012,87
San Marino,SMR,2013,88
San Marino,SMR,2014,90
San Marino,SMR,2015,92
San Marino,SMR,2016,94
San Marino,SMR,2017,96
San Marino,SMR,2018,97
San Marino,SMR,2019,98
Sao Tome and Principe,STP,1990,159
Sao Tome and Principe,STP,1991,164
Sao Tome and Principe,STP,1992,169
Sao Tome and Principe,STP,1993,173
Sao Tome and Principe,STP,1994,178
Sao Tome and Principe,STP,1995,184
Sao Tome and Principe,STP,1996,192
Sao Tome and Principe,STP,1997,199
Sao Tome and Principe,STP,1998,206
Sao Tome and Principe,STP,1999,209
Sao Tome and Principe,STP,2000,210
Sao Tome and Principe,STP,2001,213
Sao Tome and Principe,STP,2002,217
Sao Tome and Principe,STP,2003,216
Sao Tome and Principe,STP,2004,223
Sao Tome and Principe,STP,2005,217
Sao Tome and Principe,STP,2006,224
Sao Tome and Principe,STP,2007,228
Sao Tome and Principe,STP,2008,228
Sao Tome and Principe,STP,2009,232
Sao Tome and Principe,STP,2010,237
Sao Tome and Principe,STP,2011,237
Sao Tome and Principe,STP,2012,240
Sao Tome and Principe,STP,2013,246
Sao Tome and Principe,STP,2014,255
Sao Tome and Principe,STP,2015,259
Sao Tome and Principe,STP,2016,263
Sao Tome and Principe,STP,2017,267
Sao Tome and Principe,STP,2018,271
Sao Tome and Principe,STP,2019,273
Saudi Arabia,SAU,2007,36026
Saudi Arabia,SAU,2008,37081
Saudi Arabia,SAU,2009,37703
Saudi Arabia,SAU,2010,38274
Saudi Arabia,SAU,2011,38295
Saudi Arabia,SAU,2012,38504
Saudi Arabia,SAU,2013,39159
Saudi Arabia,SAU,2014,39738
Saudi Arabia,SAU,2015,41019
Saudi Arabia,SAU,2016,41765
Saudi Arabia,SAU,1990,20459
Saudi Arabia,SAU,1991,21321
Saudi Arabia,SAU,1992,22120
Saudi Arabia,SAU,1993,22940
Saudi Arabia,SAU,1994,23788
Saudi Arabia,SAU,1995,24622
Saudi Arabia,SAU,1996,25386
Saudi Arabia,SAU,1997,26132
Saudi Arabia,SAU,1998,26922
Saudi Arabia,SAU,1999,27798
Saudi Arabia,SAU,2000,28588
Saudi Arabia,SAU,2001,29427
Saudi Arabia,SAU,2002,30307
Saudi Arabia,SAU,2003,31361
Saudi Arabia,SAU,2004,32373
Saudi Arabia,SAU,2005,33754
Saudi Arabia,SAU,2006,34953
Saudi Arabia,SAU,2017,42897
Saudi Arabia,SAU,2018,44248
Saudi Arabia,SAU,2019,45837
Scotland,,1990,28894
Scotland,,1991,28185
Scotland,,1992,27863
Scotland,,1993,27879
Scotland,,1994,26631
Scotland,,1995,26095
Scotland,,1996,25707
Scotland,,1997,24914
Scotland,,1998,24509
Scotland,,1999,24366
Scotland,,2000,23388
Scotland,,2001,22605
Scotland,,2002,22474
Scotland,,2003,21692
Scotland,,2004,20579
Scotland,,2005,19671
Scotland,,2006,19062
Scotland,,2007,18643
Scotland,,2008,18257
Scotland,,2009,17614
Scotland,,2010,17485
Scotland,,2011,17570
Scotland,,2012,17716
Scotland,,2013,17704
Scotland,,2014,17081
Scotland,,2015,17066
Scotland,,2016,17220
Scotland,,2017,17632
Scotland,,2018,18964
Scotland,,2019,19285
Senegal,SEN,1990,7957
Senegal,SEN,1991,8122
Senegal,SEN,1992,8230
Senegal,SEN,1993,8371
Senegal,SEN,1994,8590
Senegal,SEN,1995,8594
Senegal,SEN,1996,8661
Senegal,SEN,1997,8775
Senegal,SEN,1998,9001
Senegal,SEN,1999,9264
Senegal,SEN,2000,9355
Senegal,SEN,2001,10833
Senegal,SEN,2002,11096
Senegal,SEN,2003,10827
Senegal,SEN,2004,11335
Senegal,SEN,2005,11608
Senegal,SEN,2006,11813
Senegal,SEN,2007,12072
Senegal,SEN,2008,12455
Senegal,SEN,2009,13029
Senegal,SEN,2010,12692
Senegal,SEN,2011,13175
Senegal,SEN,2012,13336
Senegal,SEN,2013,13718
Senegal,SEN,2014,14328
Senegal,SEN,2015,14811
Senegal,SEN,2016,15272
Senegal,SEN,2017,15432
Senegal,SEN,2018,15509
Senegal,SEN,2019,15981
Serbia,SRB,1990,52964
Serbia,SRB,1991,52972
Serbia,SRB,1992,54444
Serbia,SRB,1993,56517
Serbia,SRB,1994,58366
Serbia,SRB,1995,60621
Serbia,SRB,1996,63154
Serbia,SRB,1997,66067
Serbia,SRB,1998,61391
Serbia,SRB,1999,61797
Serbia,SRB,2000,63489
Serbia,SRB,2001,62764
Serbia,SRB,2002,62734
Serbia,SRB,2003,64406
Serbia,SRB,2004,65942
Serbia,SRB,2005,68260
Serbia,SRB,2006,67788
Serbia,SRB,2007,67075
Serbia,SRB,2008,67599
Serbia,SRB,2009,66589
Serbia,SRB,2010,64416
Serbia,SRB,2011,62683
Serbia,SRB,2012,62122
Serbia,SRB,2013,62390
Serbia,SRB,2014,62922
Serbia,SRB,2015,62673
Serbia,SRB,2016,60860
Serbia,SRB,2017,61674
Serbia,SRB,2018,63174
Serbia,SRB,2019,63769
Serbia-Montenegro,,2003,
Serbia-Montenegro,,2004,
Serbia-Montenegro,,2005,
Serbia-Montenegro,,2006,
Seychelles,SYC,1990,204
Seychelles,SYC,1991,204
Seychelles,SYC,1992,205
Seychelles,SYC,1993,205
Seychelles,SYC,1994,206
Seychelles,SYC,1995,205
Seychelles,SYC,1996,205
Seychelles,SYC,1997,202
Seychelles,SYC,1998,201
Seychelles,SYC,1999,199
Seychelles,SYC,2000,196
Seychelles,SYC,2001,198
Seychelles,SYC,2002,204
Seychelles,SYC,2003,210
Seychelles,SYC,2004,208
Seychelles,SYC,2005,213
Seychelles,SYC,2006,213
Seychelles,SYC,2007,213
Seychelles,SYC,2008,216
Seychelles,SYC,2009,218
Seychelles,SYC,2010,212
Seychelles,SYC,2011,208
Seychelles,SYC,2012,213
Seychelles,SYC,2013,213
Seychelles,SYC,2014,214
Seychelles,SYC,2015,219
Seychelles,SYC,2016,226
Seychelles,SYC,2017,231
Seychelles,SYC,2018,236
Seychelles,SYC,2019,242
Sierra Leone,SLE,1990,5542
Sierra Leone,SLE,1991,5468
Sierra Leone,SLE,1992,5460
Sierra Leone,SLE,1993,5431
Sierra Leone,SLE,1994,5424
Sierra Leone,SLE,1995,5487
Sierra Leone,SLE,1996,5536
Sierra Leone,SLE,1997,5633
Sierra Leone,SLE,1998,5685
Sierra Leone,SLE,1999,5790
Sierra Leone,SLE,2000,5947
Sierra Leone,SLE,2001,6101
Sierra Leone,SLE,2002,6325
Sierra Leone,SLE,2003,6489
Sierra Leone,SLE,2004,6685
Sierra Leone,SLE,2005,6884
Sierra Leone,SLE,2006,7033
Sierra Leone,SLE,2007,7163
Sierra Leone,SLE,2008,7209
Sierra Leone,SLE,2009,7327
Sierra Leone,SLE,2010,7521
Sierra Leone,SLE,2011,7662
Sierra Leone,SLE,2012,7818
Sierra Leone,SLE,2013,7907
Sierra Leone,SLE,2014,7969
Sierra Leone,SLE,2015,8221
Sierra Leone,SLE,2016,8342
Sierra Leone,SLE,2017,8583
Sierra Leone,SLE,2018,8845
Sierra Leone,SLE,2019,9009
Singapore,SGP,2007,5361
Singapore,SGP,2008,5476
Singapore,SGP,2009,5465
Singapore,SGP,2014,5855
Singapore,SGP,2015,5963
Singapore,SGP,2016,6089
Singapore,SGP,1990,5081
Singapore,SGP,1991,5063
Singapore,SGP,1992,5099
Singapore,SGP,1993,5169
Singapore,SGP,1994,5320
Singapore,SGP,1995,5455
Singapore,SGP,1996,5536
Singapore,SGP,1997,5519
Singapore,SGP,1998,5541
Singapore,SGP,1999,5469
Singapore,SGP,2000,5370
Singapore,SGP,2001,5320
Singapore,SGP,2002,5313
Singapore,SGP,2003,5324
Singapore,SGP,2004,5344
Singapore,SGP,2005,5178
Singapore,SGP,2006,5236
Singapore,SGP,2010,5523
Singapore,SGP,2011,5536
Singapore,SGP,2012,5674
Singapore,SGP,2013,5747
Singapore,SGP,2017,6225
Singapore,SGP,2018,6534
Singapore,SGP,2019,6810
Slovakia,SVK,1990,28927
Slovakia,SVK,1991,28461
Slovakia,SVK,1992,27839
Slovakia,SVK,1993,27406
Slovakia,SVK,1994,26936
Slovakia,SVK,1995,27597
Slovakia,SVK,1996,26977
Slovakia,SVK,1997,28018
Slovakia,SVK,1998,28071
Slovakia,SVK,1999,28041
Slovakia,SVK,2000,27640
Slovakia,SVK,2001,27951
Slovakia,SVK,2002,27783
Slovakia,SVK,2003,28090
Slovakia,SVK,2004,28019
Slovakia,SVK,2005,28753
Slovakia,SVK,2006,28621
Slovakia,SVK,2007,28890
Slovakia,SVK,2008,27882
Slovakia,SVK,2009,27558
Slovakia,SVK,2010,26597
Slovakia,SVK,2011,26414
Slovakia,SVK,2012,25730
Slovakia,SVK,2013,25272
Slovakia,SVK,2014,24965
Slovakia,SVK,2015,25933
Slovakia,SVK,2016,25498
Slovakia,SVK,2017,25984
Slovakia,SVK,2018,26319
Slovakia,SVK,2019,26796
Slovenia,SVN,1990,8487
Slovenia,SVN,1991,8386
Slovenia,SVN,1992,8220
Slovenia,SVN,1993,8144
Slovenia,SVN,1994,8055
Slovenia,SVN,1995,7925
Slovenia,SVN,1996,7881
Slovenia,SVN,1997,7731
Slovenia,SVN,1998,7698
Slovenia,SVN,1999,7529
Slovenia,SVN,2000,7260
Slovenia,SVN,2001,7307
Slovenia,SVN,2002,7058
Slovenia,SVN,2003,6987
Slovenia,SVN,2004,6981
Slovenia,SVN,2005,6840
Slovenia,SVN,2006,6780
Slovenia,SVN,2007,6812
Slovenia,SVN,2008,6682
Slovenia,SVN,2009,6748
Slovenia,SVN,2010,6799
Slovenia,SVN,2011,6855
Slovenia,SVN,2012,6961
Slovenia,SVN,2013,6912
Slovenia,SVN,2014,6690
Slovenia,SVN,2015,7047
Slovenia,SVN,2016,7129
Slovenia,SVN,2017,7388
Slovenia,SVN,2018,7601
Slovenia,SVN,2019,7797
Solomon Islands,SLB,1990,1004
Solomon Islands,SLB,1991,1042
Solomon Islands,SLB,1992,1075
Solomon Islands,SLB,1993,1108
Solomon Islands,SLB,1994,1142
Solomon Islands,SLB,1995,1174
Solomon Islands,SLB,1996,1210
Solomon Islands,SLB,1997,1251
Solomon Islands,SLB,1998,1293
Solomon Islands,SLB,1999,1331
Solomon Islands,SLB,2000,1389
Solomon Islands,SLB,2001,1453
Solomon Islands,SLB,2002,1498
Solomon Islands,SLB,2003,1546
Solomon Islands,SLB,2004,1588
Solomon Islands,SLB,2005,1631
Solomon Islands,SLB,2006,1682
Solomon Islands,SLB,2007,1715
Solomon Islands,SLB,2008,1693
Solomon Islands,SLB,2009,1771
Solomon Islands,SLB,2010,1801
Solomon Islands,SLB,2011,1885
Solomon Islands,SLB,2012,1936
Solomon Islands,SLB,2013,1983
Solomon Islands,SLB,2014,2038
Solomon Islands,SLB,2015,2076
Solomon Islands,SLB,2016,2091
Solomon Islands,SLB,2017,2156
Solomon Islands,SLB,2018,2238
Solomon Islands,SLB,2019,2285
Somalia,SOM,2007,12483
Somalia,SOM,2009,13486
Somalia,SOM,2010,13895
Somalia,SOM,2011,14303
Somalia,SOM,2012,14739
Somalia,SOM,2013,15174
Somalia,SOM,2014,15698
Somalia,SOM,2015,16256
Somalia,SOM,2016,16811
Somalia,SOM,1990,8361
Somalia,SOM,1991,8403
Somalia,SOM,1992,8537
Somalia,SOM,1993,8634
Somalia,SOM,1994,8789
Somalia,SOM,1995,8991
Somalia,SOM,1996,9198
Somalia,SOM,1997,9426
Somalia,SOM,1998,9651
Somalia,SOM,1999,9805
Somalia,SOM,2000,9979
Somalia,SOM,2001,10174
Somalia,SOM,2002,10521
Somalia,SOM,2003,10897
Somalia,SOM,2004,11287
Somalia,SOM,2005,11649
Somalia,SOM,2006,11944
Somalia,SOM,2008,13019
Somalia,SOM,2017,17370
Somalia,SOM,2018,18001
Somalia,SOM,2019,18521
South Africa,ZAF,1990,42683
South Africa,ZAF,1991,44441
South Africa,ZAF,1992,48802
South Africa,ZAF,1993,48659
South Africa,ZAF,1994,53570
South Africa,ZAF,1995,55587
South Africa,ZAF,1996,62036
South Africa,ZAF,1997,72362
South Africa,ZAF,1998,75474
South Africa,ZAF,1999,74765
South Africa,ZAF,2000,78567
South Africa,ZAF,2001,77993
South Africa,ZAF,2002,79108
South Africa,ZAF,2003,80341
South Africa,ZAF,2004,79504
South Africa,ZAF,2005,79845
South Africa,ZAF,2006,82356
South Africa,ZAF,2007,82123
South Africa,ZAF,2008,82692
South Africa,ZAF,2009,83753
South Africa,ZAF,2010,84559
South Africa,ZAF,2011,83678
South Africa,ZAF,2012,82839
South Africa,ZAF,2013,83018
South Africa,ZAF,2014,85532
South Africa,ZAF,2015,87734
South Africa,ZAF,2016,88283
South Africa,ZAF,2017,88159
South Africa,ZAF,2018,83569
South Africa,ZAF,2019,82661
South America,,1990,
South America,,1991,
South America,,1992,
South America,,1994,
South America,,1995,
South America,,1996,
South America,,1997,
South America,,1998,
South America,,1999,
South America,,2000,
South America,,2001,
South America,,2002,
South America,,2003,
South America,,2004,
South America,,2005,
South America,,2006,
South America,,2007,
South America,,2008,
South America,,2009,
South America,,2010,
South America,,2011,
South America,,2012,
South America,,2013,
South America,,2014,
South America,,2015,
South America,,2016,
South America,,2017,
South Asia,,1990,
South Asia,,1991,
South Asia,,1992,
South Asia,,1994,
South Asia,,1995,
South Asia,,1996,
South Asia,,1997,
South Asia,,1998,
South Asia,,1999,
South Asia,,2000,
South Asia,,2001,
South Asia,,2002,
South Asia,,2003,
South Asia,,2004,
South Asia,,2005,
South Asia,,2006,
South Asia,,2007,
South Asia,,2008,
South Asia,,2009,
South Asia,,2010,
South Asia,,2011,
South Asia,,2012,
South Asia,,2013,
South Asia,,2014,
South Asia,,2015,
South Asia,,2016,
South Asia,,2017,
South Asia (WB),,1990,1610080
South Asia (WB),,1991,1648550
South Asia (WB),,1992,1689768
South Asia (WB),,1993,1716285
South Asia (WB),,1994,1747097
South Asia (WB),,1995,1773532
South Asia (WB),,1996,1841337
South Asia (WB),,1997,1961479
South Asia (WB),,1998,2005291
South Asia (WB),,1999,2002807
South Asia (WB),,2000,2045950
South Asia (WB),,2001,2106042
South Asia (WB),,2002,2153956
South Asia (WB),,2003,2161855
South Asia (WB),,2004,2124781
South Asia (WB),,2005,2213538
South Asia (WB),,2006,2334585
South Asia (WB),,2007,2434716
South Asia (WB),,2008,2530478
South Asia (WB),,2009,2545769
South Asia (WB),,2010,2606228
South Asia (WB),,2011,2697817
South Asia (WB),,2012,2787283
South Asia (WB),,2013,2884594
South Asia (WB),,2014,2940892
South Asia (WB),,2015,3015114
South Asia (WB),,2016,3096128
South Asia (WB),,2017,3189412
South Asia (WB),,2018,3308894
South Asia (WB),,2019,3397086
South Korea,KOR,1990,85939
South Korea,KOR,1991,84659
South Korea,KOR,1992,81357
South Korea,KOR,1993,78767
South Korea,KOR,1994,77232
South Korea,KOR,1995,74093
South Korea,KOR,1996,71855
South Korea,KOR,1997,70779
South Korea,KOR,1998,70511
South Korea,KOR,1999,70348
South Korea,KOR,2000,69474
South Korea,KOR,2001,68127
South Korea,KOR,2002,67951
South Korea,KOR,2003,67501
South Korea,KOR,2004,66414
South Korea,KOR,2005,65433
South Korea,KOR,2006,64089
South Korea,KOR,2007,63078
South Korea,KOR,2008,61699
South Korea,KOR,2009,60867
South Korea,KOR,2010,61041
South Korea,KOR,2011,61418
South Korea,KOR,2012,62289
South Korea,KOR,2013,62210
South Korea,KOR,2014,62372
South Korea,KOR,2015,63793
South Korea,KOR,2016,65446
South Korea,KOR,2017,69427
South Korea,KOR,2018,72918
South Korea,KOR,2019,77481
South Sudan,SSD,2011,6324
South Sudan,SSD,2012,6419
South Sudan,SSD,2013,6499
South Sudan,SSD,2015,6666
South Sudan,SSD,2016,6711
South Sudan,SSD,1990,6148
South Sudan,SSD,1991,6160
South Sudan,SSD,1992,6183
South Sudan,SSD,1993,6174
South Sudan,SSD,1994,6156
South Sudan,SSD,1995,6192
South Sudan,SSD,1996,6132
South Sudan,SSD,1997,5969
South Sudan,SSD,1998,5910
South Sudan,SSD,1999,5817
South Sudan,SSD,2000,5766
South Sudan,SSD,2001,5648
South Sudan,SSD,2002,5633
South Sudan,SSD,2003,5693
South Sudan,SSD,2004,5776
South Sudan,SSD,2005,5836
South Sudan,SSD,2006,5941
South Sudan,SSD,2007,6013
South Sudan,SSD,2008,6088
South Sudan,SSD,2009,6161
South Sudan,SSD,2010,6243
South Sudan,SSD,2014,6557
South Sudan,SSD,2017,6797
South Sudan,SSD,2018,6961
South Sudan,SSD,2019,7114
South-East Asia Region (WHO),,1990,1877938
South-East Asia Region (WHO),,1991,1924180
South-East Asia Region (WHO),,1992,1971816
South-East Asia Region (WHO),,1993,2004888
South-East Asia Region (WHO),,1994,2041171
South-East Asia Region (WHO),,1995,2071439
South-East Asia Region (WHO),,1996,2146735
South-East Asia Region (WHO),,1997,2270481
South-East Asia Region (WHO),,1998,2328775
South-East Asia Region (WHO),,1999,2343118
South-East Asia Region (WHO),,2000,2398109
South-East Asia Region (WHO),,2001,2465609
South-East Asia Region (WHO),,2002,2529098
South-East Asia Region (WHO),,2003,2551162
South-East Asia Region (WHO),,2004,2532342
South-East Asia Region (WHO),,2005,2637084
South-East Asia Region (WHO),,2006,2772391
South-East Asia Region (WHO),,2007,2887184
South-East Asia Region (WHO),,2008,2996973
South-East Asia Region (WHO),,2009,3025179
South-East Asia Region (WHO),,2010,3097274
South-East Asia Region (WHO),,2011,3199788
South-East Asia Region (WHO),,2012,3303042
South-East Asia Region (WHO),,2013,3412101
South-East Asia Region (WHO),,2014,3481029
South-East Asia Region (WHO),,2015,3570515
South-East Asia Region (WHO),,2016,3664420
South-East Asia Region (WHO),,2017,3770119
South-East Asia Region (WHO),,2018,3903411
South-East Asia Region (WHO),,2019,4004479
Southeast Asia,,1990,
Southeast Asia,,1991,
Southeast Asia,,1992,
Southeast Asia,,1994,
Southeast Asia,,1995,
Southeast Asia,,1996,
Southeast Asia,,1997,
Southeast Asia,,1998,
Southeast Asia,,1999,
Southeast Asia,,2000,
Southeast Asia,,2001,
Southeast Asia,,2002,
Southeast Asia,,2003,
Southeast Asia,,2004,
Southeast Asia,,2005,
Southeast Asia,,2006,
Southeast Asia,,2007,
Southeast Asia,,2008,
Southeast Asia,,2009,
Southeast Asia,,2010,
Southeast Asia,,2011,
Southeast Asia,,2012,
Southeast Asia,,2013,
Southeast Asia,,2014,
Southeast Asia,,2015,
Southeast Asia,,2016,
Southeast Asia,,2017,
Spain,ESP,1990,125150
Spain,ESP,1991,125014
Spain,ESP,1992,122785
Spain,ESP,1993,122779
Spain,ESP,1994,122546
Spain,ESP,1995,123657
Spain,ESP,1996,125280
Spain,ESP,1997,124917
Spain,ESP,1998,127850
Spain,ESP,1999,130496
Spain,ESP,2000,127295
Spain,ESP,2001,126577
Spain,ESP,2002,127784
Spain,ESP,2003,129813
Spain,ESP,2004,127483
Spain,ESP,2005,126779
Spain,ESP,2006,123921
Spain,ESP,2007,123230
Spain,ESP,2008,122024
Spain,ESP,2009,119442
Spain,ESP,2010,117230
Spain,ESP,2011,117880
Spain,ESP,2012,118870
Spain,ESP,2013,117509
Spain,ESP,2014,118923
Spain,ESP,2015,122974
Spain,ESP,2016,123016
Spain,ESP,2017,125373
Spain,ESP,2018,128774
Spain,ESP,2019,131493
Sri Lanka,LKA,1990,30022
Sri Lanka,LKA,1991,28775
Sri Lanka,LKA,1992,29102
Sri Lanka,LKA,1993,28870
Sri Lanka,LKA,1994,30338
Sri Lanka,LKA,1995,32153
Sri Lanka,LKA,1996,33579
Sri Lanka,LKA,1997,36310
Sri Lanka,LKA,1998,35968
Sri Lanka,LKA,1999,37077
Sri Lanka,LKA,2000,37814
Sri Lanka,LKA,2001,36809
Sri Lanka,LKA,2002,36797
Sri Lanka,LKA,2003,38107
Sri Lanka,LKA,2004,38217
Sri Lanka,LKA,2005,38943
Sri Lanka,LKA,2006,39826
Sri Lanka,LKA,2007,39965
Sri Lanka,LKA,2008,41012
Sri Lanka,LKA,2009,41249
Sri Lanka,LKA,2010,41638
Sri Lanka,LKA,2011,42725
Sri Lanka,LKA,2012,43078
Sri Lanka,LKA,2013,42539
Sri Lanka,LKA,2014,43726
Sri Lanka,LKA,2015,43675
Sri Lanka,LKA,2016,44323
Sri Lanka,LKA,2017,45150
Sri Lanka,LKA,2018,45162
Sri Lanka,LKA,2019,46577
Sub-Saharan Africa,,1990,
Sub-Saharan Africa,,1991,
Sub-Saharan Africa,,1992,
Sub-Saharan Africa,,1994,
Sub-Saharan Africa,,1995,
Sub-Saharan Africa,,1996,
Sub-Saharan Africa,,1997,
Sub-Saharan Africa,,1998,
Sub-Saharan Africa,,1999,
Sub-Saharan Africa,,2000,
Sub-Saharan Africa,,2001,
Sub-Saharan Africa,,2002,
Sub-Saharan Africa,,2003,
Sub-Saharan Africa,,2004,
Sub-Saharan Africa,,2005,
Sub-Saharan Africa,,2006,
Sub-Saharan Africa,,2007,
Sub-Saharan Africa,,2008,
Sub-Saharan Africa,,2009,
Sub-Saharan Africa,,2010,
Sub-Saharan Africa,,2011,
Sub-Saharan Africa,,2012,
Sub-Saharan Africa,,2013,
Sub-Saharan Africa,,2014,
Sub-Saharan Africa,,2015,
Sub-Saharan Africa,,2016,
Sub-Saharan Africa,,2017,
Sub-Saharan Africa (WB),,1990,618542
Sub-Saharan Africa (WB),,1991,632617
Sub-Saharan Africa (WB),,1992,650817
Sub-Saharan Africa (WB),,1993,663334
Sub-Saharan Africa (WB),,1994,680350
Sub-Saharan Africa (WB),,1995,696213
Sub-Saharan Africa (WB),,1996,716486
Sub-Saharan Africa (WB),,1997,738346
Sub-Saharan Africa (WB),,1998,755125
Sub-Saharan Africa (WB),,1999,765927
Sub-Saharan Africa (WB),,2000,780841
Sub-Saharan Africa (WB),,2001,787526
Sub-Saharan Africa (WB),,2002,800021
Sub-Saharan Africa (WB),,2003,809589
Sub-Saharan Africa (WB),,2004,818215
Sub-Saharan Africa (WB),,2005,825707
Sub-Saharan Africa (WB),,2006,838997
Sub-Saharan Africa (WB),,2007,847684
Sub-Saharan Africa (WB),,2008,862557
Sub-Saharan Africa (WB),,2009,879219
Sub-Saharan Africa (WB),,2010,893811
Sub-Saharan Africa (WB),,2011,911330
Sub-Saharan Africa (WB),,2012,930702
Sub-Saharan Africa (WB),,2013,949020
Sub-Saharan Africa (WB),,2014,968385
Sub-Saharan Africa (WB),,2015,995301
Sub-Saharan Africa (WB),,2016,1014565
Sub-Saharan Africa (WB),,2017,1036321
Sub-Saharan Africa (WB),,2018,1057001
Sub-Saharan Africa (WB),,2019,1080282
Sudan,SDN,2007,63515
Sudan,SDN,2008,63904
Sudan,SDN,2009,64399
Sudan,SDN,2010,64817
Sudan,SDN,2011,65279
Sudan,SDN,2012,66096
Sudan,SDN,2013,66745
Sudan,SDN,2014,67467
Sudan,SDN,2015,68545
Sudan,SDN,2016,69697
Sudan,SDN,1990,51628
Sudan,SDN,1991,53205
Sudan,SDN,1992,54688
Sudan,SDN,1993,55947
Sudan,SDN,1994,57194
Sudan,SDN,1995,58242
Sudan,SDN,1996,59194
Sudan,SDN,1997,60011
Sudan,SDN,1998,60708
Sudan,SDN,1999,61207
Sudan,SDN,2000,61584
Sudan,SDN,2001,61818
Sudan,SDN,2002,62242
Sudan,SDN,2003,62345
Sudan,SDN,2004,62601
Sudan,SDN,2005,63002
Sudan,SDN,2006,63289
Sudan,SDN,2017,71036
Sudan,SDN,2018,72689
Sudan,SDN,2019,74371
Suriname,SUR,1990,865
Suriname,SUR,1991,905
Suriname,SUR,1992,924
Suriname,SUR,1993,975
Suriname,SUR,1994,894
Suriname,SUR,1995,754
Suriname,SUR,1996,741
Suriname,SUR,1997,761
Suriname,SUR,1998,828
Suriname,SUR,1999,893
Suriname,SUR,2000,937
Suriname,SUR,2001,980
Suriname,SUR,2002,1024
Suriname,SUR,2003,1038
Suriname,SUR,2004,1042
Suriname,SUR,2005,1027
Suriname,SUR,2006,1015
Suriname,SUR,2007,1014
Suriname,SUR,2008,1027
Suriname,SUR,2009,1036
Suriname,SUR,2010,1045
Suriname,SUR,2011,1045
Suriname,SUR,2012,1058
Suriname,SUR,2013,1122
Suriname,SUR,2014,1194
Suriname,SUR,2015,1264
Suriname,SUR,2016,1310
Suriname,SUR,2017,1351
Suriname,SUR,2018,1391
Suriname,SUR,2019,1423
Sweden,SWE,1990,46704
Sweden,SWE,1991,46645
Sweden,SWE,1992,46245
Sweden,SWE,1993,46140
Sweden,SWE,1994,44531
Sweden,SWE,1995,44523
Sweden,SWE,1996,44413
Sweden,SWE,1997,44019
Sweden,SWE,1998,43819
Sweden,SWE,1999,43601
Sweden,SWE,2000,42965
Sweden,SWE,2001,42528
Sweden,SWE,2002,42250
Sweden,SWE,2003,41147
Sweden,SWE,2004,40318
Sweden,SWE,2005,39538
Sweden,SWE,2006,39392
Sweden,SWE,2007,38997
Sweden,SWE,2008,38204
Sweden,SWE,2009,37656
Sweden,SWE,2010,37244
Sweden,SWE,2011,37068
Sweden,SWE,2012,36639
Sweden,SWE,2013,35939
Sweden,SWE,2014,35228
Sweden,SWE,2015,35144
Sweden,SWE,2016,35404
Sweden,SWE,2017,35524
Sweden,SWE,2018,36034
Sweden,SWE,2019,36087
Switzerland,CHE,1990,25914
Switzerland,CHE,1991,25916
Switzerland,CHE,1992,25638
Switzerland,CHE,1993,25520
Switzerland,CHE,1994,25639
Switzerland,CHE,1995,26491
Switzerland,CHE,1996,26193
Switzerland,CHE,1997,25986
Switzerland,CHE,1998,25635
Switzerland,CHE,1999,25352
Switzerland,CHE,2000,25115
Switzerland,CHE,2001,24508
Switzerland,CHE,2002,24445
Switzerland,CHE,2003,24359
Switzerland,CHE,2004,23654
Switzerland,CHE,2005,23429
Switzerland,CHE,2006,23157
Switzerland,CHE,2007,22944
Switzerland,CHE,2008,22723
Switzerland,CHE,2009,22633
Switzerland,CHE,2010,22337
Switzerland,CHE,2011,22044
Switzerland,CHE,2012,22333
Switzerland,CHE,2013,22417
Switzerland,CHE,2014,22370
Switzerland,CHE,2015,22743
Switzerland,CHE,2016,22656
Switzerland,CHE,2017,22937
Switzerland,CHE,2018,23456
Switzerland,CHE,2019,23969
Syria,SYR,2007,33964
Syria,SYR,2008,35611
Syria,SYR,2009,35856
Syria,SYR,2010,36958
Syria,SYR,1990,28521
Syria,SYR,1991,29520
Syria,SYR,1992,31178
Syria,SYR,1993,30598
Syria,SYR,1994,31183
Syria,SYR,1995,31905
Syria,SYR,1996,32186
Syria,SYR,1997,32712
Syria,SYR,1998,34009
Syria,SYR,1999,33841
Syria,SYR,2000,33331
Syria,SYR,2001,32300
Syria,SYR,2002,32696
Syria,SYR,2003,31497
Syria,SYR,2004,31953
Syria,SYR,2005,32287
Syria,SYR,2006,32950
Syria,SYR,2011,38157
Syria,SYR,2012,38753
Syria,SYR,2013,39821
Syria,SYR,2014,40377
Syria,SYR,2015,40295
Syria,SYR,2016,41409
Syria,SYR,2017,43031
Syria,SYR,2018,44400
Syria,SYR,2019,45682
Taiwan,TWN,2007,31436
Taiwan,TWN,2008,31649
Taiwan,TWN,2009,31630
Taiwan,TWN,2010,32055
Taiwan,TWN,2011,33768
Taiwan,TWN,2012,34168
Taiwan,TWN,2013,34414
Taiwan,TWN,2014,36171
Taiwan,TWN,2015,36370
Taiwan,TWN,2016,38294
Taiwan,TWN,1990,31206
Taiwan,TWN,1991,30896
Taiwan,TWN,1992,31052
Taiwan,TWN,1993,30755
Taiwan,TWN,1994,30830
Taiwan,TWN,1995,31014
Taiwan,TWN,1996,31118
Taiwan,TWN,1997,30022
Taiwan,TWN,1998,29872
Taiwan,TWN,1999,29395
Taiwan,TWN,2000,29794
Taiwan,TWN,2001,30263
Taiwan,TWN,2002,30460
Taiwan,TWN,2003,30497
Taiwan,TWN,2004,31244
Taiwan,TWN,2005,31833
Taiwan,TWN,2006,31158
Taiwan,TWN,2017,39297
Taiwan,TWN,2018,39936
Taiwan,TWN,2019,41061
Tajikistan,TJK,1990,11487
Tajikistan,TJK,1991,12173
Tajikistan,TJK,1992,13248
Tajikistan,TJK,1993,14412
Tajikistan,TJK,1994,15881
Tajikistan,TJK,1995,14813
Tajikistan,TJK,1996,14296
Tajikistan,TJK,1997,14746
Tajikistan,TJK,1998,15798
Tajikistan,TJK,1999,16105
Tajikistan,TJK,2000,16206
Tajikistan,TJK,2001,16561
Tajikistan,TJK,2002,16757
Tajikistan,TJK,2003,17052
Tajikistan,TJK,2004,17408
Tajikistan,TJK,2005,18027
Tajikistan,TJK,2006,18430
Tajikistan,TJK,2007,18863
Tajikistan,TJK,2008,19217
Tajikistan,TJK,2009,19459
Tajikistan,TJK,2010,20311
Tajikistan,TJK,2011,20866
Tajikistan,TJK,2012,20958
Tajikistan,TJK,2013,20832
Tajikistan,TJK,2014,21285
Tajikistan,TJK,2015,21852
Tajikistan,TJK,2016,22500
Tajikistan,TJK,2017,22601
Tajikistan,TJK,2018,21923
Tajikistan,TJK,2019,21856
Tanzania,TZA,1990,26564
Tanzania,TZA,1991,27286
Tanzania,TZA,1992,28127
Tanzania,TZA,1993,29030
Tanzania,TZA,1994,29910
Tanzania,TZA,1995,30749
Tanzania,TZA,1996,31164
Tanzania,TZA,1997,31839
Tanzania,TZA,1998,32811
Tanzania,TZA,1999,32990
Tanzania,TZA,2000,33015
Tanzania,TZA,2001,33281
Tanzania,TZA,2002,33954
Tanzania,TZA,2003,34877
Tanzania,TZA,2004,35743
Tanzania,TZA,2005,36560
Tanzania,TZA,2006,38034
Tanzania,TZA,2007,39458
Tanzania,TZA,2008,40850
Tanzania,TZA,2009,42226
Tanzania,TZA,2010,43070
Tanzania,TZA,2011,44227
Tanzania,TZA,2012,45729
Tanzania,TZA,2013,47104
Tanzania,TZA,2014,47929
Tanzania,TZA,2015,49040
Tanzania,TZA,2016,50380
Tanzania,TZA,2017,51769
Tanzania,TZA,2018,53211
Tanzania,TZA,2019,54489
Thailand,THA,2007,86179
Thailand,THA,2008,86877
Thailand,THA,2009,86890
Thailand,THA,1990,63996
Thailand,THA,1991,67586
Thailand,THA,1992,70177
Thailand,THA,1993,72529
Thailand,THA,1994,75329
Thailand,THA,1995,77663
Thailand,THA,1996,79900
Thailand,THA,1997,75643
Thailand,THA,1998,78596
Thailand,THA,1999,84458
Thailand,THA,2000,84185
Thailand,THA,2001,79669
Thailand,THA,2002,81240
Thailand,THA,2003,81296
Thailand,THA,2004,83785
Thailand,THA,2005,85153
Thailand,THA,2006,85479
Thailand,THA,2010,89053
Thailand,THA,2011,89282
Thailand,THA,2012,89655
Thailand,THA,2013,90755
Thailand,THA,2014,93587
Thailand,THA,2015,96931
Thailand,THA,2016,102483
Thailand,THA,2017,106585
Thailand,THA,2018,111404
Thailand,THA,2019,115830
Timor,TLS,1990,625
Timor,TLS,1991,638
Timor,TLS,1992,662
Timor,TLS,1993,687
Timor,TLS,1994,705
Timor,TLS,1995,729
Timor,TLS,1996,751
Timor,TLS,1997,768
Timor,TLS,1998,811
Timor,TLS,1999,855
Timor,TLS,2000,915
Timor,TLS,2001,970
Timor,TLS,2002,1027
Timor,TLS,2003,1102
Timor,TLS,2004,1143
Timor,TLS,2005,1206
Timor,TLS,2006,1250
Timor,TLS,2007,1317
Timor,TLS,2008,1374
Timor,TLS,2009,1477
Timor,TLS,2010,1591
Timor,TLS,2011,1724
Timor,TLS,2012,1833
Timor,TLS,2013,1932
Timor,TLS,2014,2025
Timor,TLS,2015,2143
Timor,TLS,2016,2226
Timor,TLS,2017,2315
Timor,TLS,2018,2395
Timor,TLS,2019,2459
Togo,TGO,1990,3302
Togo,TGO,1991,3386
Togo,TGO,1992,3478
Togo,TGO,1993,3585
Togo,TGO,1994,3711
Togo,TGO,1995,3829
Togo,TGO,1996,3957
Togo,TGO,1997,4105
Togo,TGO,1998,4254
Togo,TGO,1999,4355
Togo,TGO,2000,4510
Togo,TGO,2001,4643
Togo,TGO,2002,4806
Togo,TGO,2003,4979
Togo,TGO,2004,5084
Togo,TGO,2005,5250
Togo,TGO,2006,5420
Togo,TGO,2007,5635
Togo,TGO,2008,5936
Togo,TGO,2009,6189
Togo,TGO,2010,6388
Togo,TGO,2011,6546
Togo,TGO,2012,6676
Togo,TGO,2013,6813
Togo,TGO,2014,7011
Togo,TGO,2015,7329
Togo,TGO,2016,7590
Togo,TGO,2017,7897
Togo,TGO,2018,8109
Togo,TGO,2019,8361
Tokelau,TKL,1990,5
Tokelau,TKL,1991,5
Tokelau,TKL,1992,5
Tokelau,TKL,1993,5
Tokelau,TKL,1994,5
Tokelau,TKL,1995,5
Tokelau,TKL,1996,5
Tokelau,TKL,1997,5
Tokelau,TKL,1998,5
Tokelau,TKL,1999,5
Tokelau,TKL,2000,5
Tokelau,TKL,2001,5
Tokelau,TKL,2002,5
Tokelau,TKL,2003,5
Tokelau,TKL,2004,5
Tokelau,TKL,2005,5
Tokelau,TKL,2006,5
Tokelau,TKL,2007,5
Tokelau,TKL,2008,5
Tokelau,TKL,2009,5
Tokelau,TKL,2010,4
Tokelau,TKL,2011,4
Tokelau,TKL,2012,4
Tokelau,TKL,2013,4
Tokelau,TKL,2014,4
Tokelau,TKL,2015,4
Tokelau,TKL,2016,4
Tokelau,TKL,2017,4
Tokelau,TKL,2018,4
Tokelau,TKL,2019,4
Tonga,TON,1990,119
Tonga,TON,1991,121
Tonga,TON,1992,121
Tonga,TON,1993,125
Tonga,TON,1994,128
Tonga,TON,1995,128
Tonga,TON,1996,131
Tonga,TON,1997,137
Tonga,TON,1998,147
Tonga,TON,1999,156
Tonga,TON,2000,156
Tonga,TON,2001,155
Tonga,TON,2002,157
Tonga,TON,2003,158
Tonga,TON,2004,155
Tonga,TON,2005,149
Tonga,TON,2006,152
Tonga,TON,2007,156
Tonga,TON,2008,160
Tonga,TON,2009,164
Tonga,TON,2010,167
Tonga,TON,2011,169
Tonga,TON,2012,171
Tonga,TON,2013,173
Tonga,TON,2014,174
Tonga,TON,2015,175
Tonga,TON,2016,176
Tonga,TON,2017,177
Tonga,TON,2018,178
Tonga,TON,2019,178
Trinidad and Tobago,TTO,1990,3161
Trinidad and Tobago,TTO,1991,3199
Trinidad and Tobago,TTO,1992,3295
Trinidad and Tobago,TTO,1993,3475
Trinidad and Tobago,TTO,1994,3593
Trinidad and Tobago,TTO,1995,3490
Trinidad and Tobago,TTO,1996,3639
Trinidad and Tobago,TTO,1997,3544
Trinidad and Tobago,TTO,1998,3700
Trinidad and Tobago,TTO,1999,3726
Trinidad and Tobago,TTO,2000,3519
Trinidad and Tobago,TTO,2001,3528
Trinidad and Tobago,TTO,2002,3445
Trinidad and Tobago,TTO,2003,3529
Trinidad and Tobago,TTO,2004,3428
Trinidad and Tobago,TTO,2005,3356
Trinidad and Tobago,TTO,2006,3258
Trinidad and Tobago,TTO,2007,3237
Trinidad and Tobago,TTO,2008,3356
Trinidad and Tobago,TTO,2009,3226
Trinidad and Tobago,TTO,2010,3205
Trinidad and Tobago,TTO,2011,3128
Trinidad and Tobago,TTO,2012,3066
Trinidad and Tobago,TTO,2013,3235
Trinidad and Tobago,TTO,2014,3369
Trinidad and Tobago,TTO,2015,3493
Trinidad and Tobago,TTO,2016,3679
Trinidad and Tobago,TTO,2017,3798
Trinidad and Tobago,TTO,2018,3906
Trinidad and Tobago,TTO,2019,4016
Tunisia,TUN,1990,15655
Tunisia,TUN,1991,16841
Tunisia,TUN,1992,17633
Tunisia,TUN,1993,18435
Tunisia,TUN,1994,18855
Tunisia,TUN,1995,20221
Tunisia,TUN,1996,20796
Tunisia,TUN,1997,21541
Tunisia,TUN,1998,22268
Tunisia,TUN,1999,22795
Tunisia,TUN,2000,23271
Tunisia,TUN,2001,23786
Tunisia,TUN,2002,24321
Tunisia,TUN,2003,24890
Tunisia,TUN,2004,25411
Tunisia,TUN,2005,25912
Tunisia,TUN,2006,26407
Tunisia,TUN,2007,26934
Tunisia,TUN,2008,27549
Tunisia,TUN,2009,28131
Tunisia,TUN,2010,28793
Tunisia,TUN,2011,29299
Tunisia,TUN,2012,29934
Tunisia,TUN,2013,30685
Tunisia,TUN,2014,31378
Tunisia,TUN,2015,32116
Tunisia,TUN,2016,32936
Tunisia,TUN,2017,33754
Tunisia,TUN,2018,34424
Tunisia,TUN,2019,35007
Turkey,TUR,1990,114919
Turkey,TUR,1991,116591
Turkey,TUR,1992,118314
Turkey,TUR,1993,120734
Turkey,TUR,1994,123698
Turkey,TUR,1995,125320
Turkey,TUR,1996,124587
Turkey,TUR,1997,126560
Turkey,TUR,1998,126420
Turkey,TUR,1999,122438
Turkey,TUR,2000,117613
Turkey,TUR,2001,122045
Turkey,TUR,2002,127958
Turkey,TUR,2003,127567
Turkey,TUR,2004,125897
Turkey,TUR,2005,124142
Turkey,TUR,2006,128137
Turkey,TUR,2007,133257
Turkey,TUR,2008,140369
Turkey,TUR,2009,148284
Turkey,TUR,2010,151565
Turkey,TUR,2011,153923
Turkey,TUR,2012,156816
Turkey,TUR,2013,162746
Turkey,TUR,2014,166683
Turkey,TUR,2015,167148
Turkey,TUR,2016,170322
Turkey,TUR,2017,173393
Turkey,TUR,2018,173727
Turkey,TUR,2019,176663
Turkmenistan,TKM,1990,9651
Turkmenistan,TKM,1991,10341
Turkmenistan,TKM,1992,10846
Turkmenistan,TKM,1993,12512
Turkmenistan,TKM,1994,13083
Turkmenistan,TKM,1995,13075
Turkmenistan,TKM,1996,13650
Turkmenistan,TKM,1997,13646
Turkmenistan,TKM,1998,13483
Turkmenistan,TKM,1999,13311
Turkmenistan,TKM,2000,13153
Turkmenistan,TKM,2001,13377
Turkmenistan,TKM,2002,14218
Turkmenistan,TKM,2003,14901
Turkmenistan,TKM,2004,15810
Turkmenistan,TKM,2005,16718
Turkmenistan,TKM,2006,16749
Turkmenistan,TKM,2007,16538
Turkmenistan,TKM,2008,15933
Turkmenistan,TKM,2009,14489
Turkmenistan,TKM,2010,14141
Turkmenistan,TKM,2011,14609
Turkmenistan,TKM,2012,14950
Turkmenistan,TKM,2013,15562
Turkmenistan,TKM,2014,16113
Turkmenistan,TKM,2015,16630
Turkmenistan,TKM,2016,17002
Turkmenistan,TKM,2017,17309
Turkmenistan,TKM,2018,17971
Turkmenistan,TKM,2019,18323
Tuvalu,TUV,1990,33
Tuvalu,TUV,1991,33
Tuvalu,TUV,1992,33
Tuvalu,TUV,1993,34
Tuvalu,TUV,1994,34
Tuvalu,TUV,1995,34
Tuvalu,TUV,1996,35
Tuvalu,TUV,1997,35
Tuvalu,TUV,1998,36
Tuvalu,TUV,1999,36
Tuvalu,TUV,2000,36
Tuvalu,TUV,2001,36
Tuvalu,TUV,2002,36
Tuvalu,TUV,2003,36
Tuvalu,TUV,2004,36
Tuvalu,TUV,2005,37
Tuvalu,TUV,2006,37
Tuvalu,TUV,2007,38
Tuvalu,TUV,2008,38
Tuvalu,TUV,2009,39
Tuvalu,TUV,2010,39
Tuvalu,TUV,2011,40
Tuvalu,TUV,2012,40
Tuvalu,TUV,2013,40
Tuvalu,TUV,2014,41
Tuvalu,TUV,2015,41
Tuvalu,TUV,2016,41
Tuvalu,TUV,2017,42
Tuvalu,TUV,2018,42
Tuvalu,TUV,2019,42
USSR,OWID_USS,1990,
USSR,OWID_USS,1991,
Uganda,UGA,1990,14464
Uganda,UGA,1991,15200
Uganda,UGA,1992,15700
Uganda,UGA,1993,16368
Uganda,UGA,1994,17023
Uganda,UGA,1995,17597
Uganda,UGA,1996,18206
Uganda,UGA,1997,18691
Uganda,UGA,1998,19321
Uganda,UGA,1999,19821
Uganda,UGA,2000,20384
Uganda,UGA,2001,20745
Uganda,UGA,2002,20933
Uganda,UGA,2003,21029
Uganda,UGA,2004,21298
Uganda,UGA,2005,21386
Uganda,UGA,2006,21496
Uganda,UGA,2007,21543
Uganda,UGA,2008,21496
Uganda,UGA,2009,21640
Uganda,UGA,2010,21850
Uganda,UGA,2011,22259
Uganda,UGA,2012,22920
Uganda,UGA,2013,23868
Uganda,UGA,2014,24623
Uganda,UGA,2015,25137
Uganda,UGA,2016,25943
Uganda,UGA,2017,26404
Uganda,UGA,2018,27374
Uganda,UGA,2019,28149
Ukraine,UKR,1990,350606
Ukraine,UKR,1991,371482
Ukraine,UKR,1992,391782
Ukraine,UKR,1993,415325
Ukraine,UKR,1994,432174
Ukraine,UKR,1995,454146
Ukraine,UKR,1996,446592
Ukraine,UKR,1997,435420
Ukraine,UKR,1998,417323
Ukraine,UKR,1999,432098
Ukraine,UKR,2000,444888
Ukraine,UKR,2001,441327
Ukraine,UKR,2002,451071
Ukraine,UKR,2003,454886
Ukraine,UKR,2004,463553
Ukraine,UKR,2005,475788
Ukraine,UKR,2006,461605
Ukraine,UKR,2007,471829
Ukraine,UKR,2008,472941
Ukraine,UKR,2009,440676
Ukraine,UKR,2010,434107
Ukraine,UKR,2011,420293
Ukraine,UKR,2012,420759
Ukraine,UKR,2013,417440
Ukraine,UKR,2014,395762
Ukraine,UKR,2015,455290
Ukraine,UKR,2016,442558
Ukraine,UKR,2017,440677
Ukraine,UKR,2018,451278
Ukraine,UKR,2019,449376
United Arab Emirates,ARE,2007,3338
United Arab Emirates,ARE,2008,3550
United Arab Emirates,ARE,2009,3870
United Arab Emirates,ARE,2011,4539
United Arab Emirates,ARE,2012,4950
United Arab Emirates,ARE,2014,5590
United Arab Emirates,ARE,2015,6138
United Arab Emirates,ARE,1990,1552
United Arab Emirates,ARE,1991,1659
United Arab Emirates,ARE,1992,1776
United Arab Emirates,ARE,1993,1906
United Arab Emirates,ARE,1994,2064
United Arab Emirates,ARE,1995,2175
United Arab Emirates,ARE,1996,2272
United Arab Emirates,ARE,1997,2357
United Arab Emirates,ARE,1998,2430
United Arab Emirates,ARE,1999,2521
United Arab Emirates,ARE,2000,2635
United Arab Emirates,ARE,2001,2688
United Arab Emirates,ARE,2002,2756
United Arab Emirates,ARE,2003,2880
United Arab Emirates,ARE,2004,3053
United Arab Emirates,ARE,2005,3143
United Arab Emirates,ARE,2006,3254
United Arab Emirates,ARE,2010,4185
United Arab Emirates,ARE,2013,5358
United Arab Emirates,ARE,2016,6696
United Arab Emirates,ARE,2017,7314
United Arab Emirates,ARE,2018,7947
United Arab Emirates,ARE,2019,8621
United Kingdom,GBR,1990,290792
United Kingdom,GBR,1991,287057
United Kingdom,GBR,1992,282816
United Kingdom,GBR,1993,281336
United Kingdom,GBR,1994,271859
United Kingdom,GBR,1995,269294
United Kingdom,GBR,1996,263690
United Kingdom,GBR,1997,256903
United Kingdom,GBR,1998,252922
United Kingdom,GBR,1999,248751
United Kingdom,GBR,2000,239565
United Kingdom,GBR,2001,233119
United Kingdom,GBR,2002,230394
United Kingdom,GBR,2003,224685
United Kingdom,GBR,2004,213148
United Kingdom,GBR,2005,204902
United Kingdom,GBR,2006,197876
United Kingdom,GBR,2007,192432
United Kingdom,GBR,2008,188260
United Kingdom,GBR,2009,181482
United Kingdom,GBR,2010,178756
United Kingdom,GBR,2011,176730
United Kingdom,GBR,2012,178239
United Kingdom,GBR,2013,178833
United Kingdom,GBR,2014,176323
United Kingdom,GBR,2015,177307
United Kingdom,GBR,2016,176098
United Kingdom,GBR,2017,176949
United Kingdom,GBR,2018,184431
United Kingdom,GBR,2019,188113
United States,USA,2007,836120
United States,USA,2008,833165
United States,USA,2009,823362
United States,USA,2010,820215
United States,USA,2011,830800
United States,USA,2012,837102
United States,USA,2013,847344
United States,USA,2014,858443
United States,USA,2015,876853
United States,USA,2016,892268
United States,USA,1990,879646
United States,USA,1991,877798
United States,USA,1992,874992
United States,USA,1993,895086
United States,USA,1994,899691
United States,USA,1995,908922
United States,USA,1996,907009
United States,USA,1997,904335
United States,USA,1998,909266
United States,USA,1999,920654
United States,USA,2000,918346
United States,USA,2001,913252
United States,USA,2002,908753
United States,USA,2003,895284
United States,USA,2004,868245
United States,USA,2005,864804
United States,USA,2006,850549
United States,USA,2017,899212
United States,USA,2018,929375
United States,USA,2019,957455
United States Virgin Islands,VIR,1990,233
United States Virgin Islands,VIR,1991,234
United States Virgin Islands,VIR,1992,239
United States Virgin Islands,VIR,1993,247
United States Virgin Islands,VIR,1994,256
United States Virgin Islands,VIR,1995,257
United States Virgin Islands,VIR,1996,264
United States Virgin Islands,VIR,1997,268
United States Virgin Islands,VIR,1998,274
United States Virgin Islands,VIR,1999,286
United States Virgin Islands,VIR,2000,293
United States Virgin Islands,VIR,2001,300
United States Virgin Islands,VIR,2002,304
United States Virgin Islands,VIR,2003,309
United States Virgin Islands,VIR,2004,315
United States Virgin Islands,VIR,2005,322
United States Virgin Islands,VIR,2006,339
United States Virgin Islands,VIR,2007,397
United States Virgin Islands,VIR,2008,406
United States Virgin Islands,VIR,2009,413
United States Virgin Islands,VIR,2010,419
United States Virgin Islands,VIR,2011,427
United States Virgin Islands,VIR,2012,436
United States Virgin Islands,VIR,2013,444
United States Virgin Islands,VIR,2014,453
United States Virgin Islands,VIR,2015,464
United States Virgin Islands,VIR,2016,470
United States Virgin Islands,VIR,2017,481
United States Virgin Islands,VIR,2018,491
United States Virgin Islands,VIR,2019,501
Uruguay,URY,1990,11463
Uruguay,URY,1991,11115
Uruguay,URY,1992,11280
Uruguay,URY,1993,11462
Uruguay,URY,1994,11246
Uruguay,URY,1995,11357
Uruguay,URY,1996,11258
Uruguay,URY,1997,11103
Uruguay,URY,1998,11368
Uruguay,URY,1999,11326
Uruguay,URY,2000,10956
Uruguay,URY,2001,10806
Uruguay,URY,2002,10883
Uruguay,URY,2003,11055
Uruguay,URY,2004,10997
Uruguay,URY,2005,10693
Uruguay,URY,2006,10338
Uruguay,URY,2007,10554
Uruguay,URY,2008,9993
Uruguay,URY,2009,9665
Uruguay,URY,2010,9642
Uruguay,URY,2011,10008
Uruguay,URY,2012,9886
Uruguay,URY,2013,9660
Uruguay,URY,2014,9505
Uruguay,URY,2015,9613
Uruguay,URY,2016,9629
Uruguay,URY,2017,9792
Uruguay,URY,2018,9881
Uruguay,URY,2019,10003
Uzbekistan,UZB,1990,49437
Uzbekistan,UZB,1991,53340
Uzbekistan,UZB,1992,59043
Uzbekistan,UZB,1993,66756
Uzbekistan,UZB,1994,72871
Uzbekistan,UZB,1995,76405
Uzbekistan,UZB,1996,79694
Uzbekistan,UZB,1997,80580
Uzbekistan,UZB,1998,82406
Uzbekistan,UZB,1999,83259
Uzbekistan,UZB,2000,87898
Uzbekistan,UZB,2001,91143
Uzbekistan,UZB,2002,95199
Uzbekistan,UZB,2003,98771
Uzbekistan,UZB,2004,101480
Uzbekistan,UZB,2005,105814
Uzbekistan,UZB,2006,102934
Uzbekistan,UZB,2007,101757
Uzbekistan,UZB,2008,102555
Uzbekistan,UZB,2009,101045
Uzbekistan,UZB,2010,101550
Uzbekistan,UZB,2011,104111
Uzbekistan,UZB,2012,105856
Uzbekistan,UZB,2013,105614
Uzbekistan,UZB,2014,105795
Uzbekistan,UZB,2015,106219
Uzbekistan,UZB,2016,106364
Uzbekistan,UZB,2017,106915
Uzbekistan,UZB,2018,107628
Uzbekistan,UZB,2019,107394
Vanuatu,VUT,1990,311
Vanuatu,VUT,1991,330
Vanuatu,VUT,1992,347
Vanuatu,VUT,1993,362
Vanuatu,VUT,1994,380
Vanuatu,VUT,1995,386
Vanuatu,VUT,1996,399
Vanuatu,VUT,1997,410
Vanuatu,VUT,1998,420
Vanuatu,VUT,1999,435
Vanuatu,VUT,2000,437
Vanuatu,VUT,2001,454
Vanuatu,VUT,2002,451
Vanuatu,VUT,2003,454
Vanuatu,VUT,2004,471
Vanuatu,VUT,2005,503
Vanuatu,VUT,2006,528
Vanuatu,VUT,2007,558
Vanuatu,VUT,2008,586
Vanuatu,VUT,2009,608
Vanuatu,VUT,2010,631
Vanuatu,VUT,2011,665
Vanuatu,VUT,2012,689
Vanuatu,VUT,2013,716
Vanuatu,VUT,2014,742
Vanuatu,VUT,2015,767
Vanuatu,VUT,2016,793
Vanuatu,VUT,2017,817
Vanuatu,VUT,2018,843
Vanuatu,VUT,2019,869
Venezuela,VEN,1990,25991
Venezuela,VEN,1991,26930
Venezuela,VEN,1992,27673
Venezuela,VEN,1993,28655
Venezuela,VEN,1994,30586
Venezuela,VEN,1995,30719
Venezuela,VEN,1996,30061
Venezuela,VEN,1997,29523
Venezuela,VEN,1998,30766
Venezuela,VEN,1999,31481
Venezuela,VEN,2000,31963
Venezuela,VEN,2001,33055
Venezuela,VEN,2002,34905
Venezuela,VEN,2003,36846
Venezuela,VEN,2004,35887
Venezuela,VEN,2005,36891
Venezuela,VEN,2006,39086
Venezuela,VEN,2007,40688
Venezuela,VEN,2008,42689
Venezuela,VEN,2009,43284
Venezuela,VEN,2010,41767
Venezuela,VEN,2011,42996
Venezuela,VEN,2012,44682
Venezuela,VEN,2013,44817
Venezuela,VEN,2014,46562
Venezuela,VEN,2015,48257
Venezuela,VEN,2016,50966
Venezuela,VEN,2017,53591
Venezuela,VEN,2018,56164
Venezuela,VEN,2019,61510
Vietnam,VNM,2007,190399
Vietnam,VNM,2008,196640
Vietnam,VNM,2009,202621
Vietnam,VNM,2011,211557
Vietnam,VNM,2014,222872
Vietnam,VNM,2015,225569
Vietnam,VNM,2016,228957
Vietnam,VNM,1990,124200
Vietnam,VNM,1991,125634
Vietnam,VNM,1992,127094
Vietnam,VNM,1993,128793
Vietnam,VNM,1994,130752
Vietnam,VNM,1995,132993
Vietnam,VNM,1996,135633
Vietnam,VNM,1997,138593
Vietnam,VNM,1998,141843
Vietnam,VNM,1999,145716
Vietnam,VNM,2000,149561
Vietnam,VNM,2001,154546
Vietnam,VNM,2002,159809
Vietnam,VNM,2003,165575
Vietnam,VNM,2004,171797
Vietnam,VNM,2005,177831
Vietnam,VNM,2006,183787
Vietnam,VNM,2010,207097
Vietnam,VNM,2012,215500
Vietnam,VNM,2013,219272
Vietnam,VNM,2017,232646
Vietnam,VNM,2018,236471
Vietnam,VNM,2019,240161
Wales,,1990,15972
Wales,,1991,15793
Wales,,1992,15705
Wales,,1993,15692
Wales,,1994,15221
Wales,,1995,15143
Wales,,1996,14843
Wales,,1997,14497
Wales,,1998,14267
Wales,,1999,14157
Wales,,2000,13665
Wales,,2001,13327
Wales,,2002,13110
Wales,,2003,12799
Wales,,2004,12232
Wales,,2005,11807
Wales,,2006,11277
Wales,,2007,10967
Wales,,2008,10714
Wales,,2009,10416
Wales,,2010,10241
Wales,,2011,10117
Wales,,2012,10195
Wales,,2013,10221
Wales,,2014,9949
Wales,,2015,9940
Wales,,2016,9806
Wales,,2017,9819
Wales,,2018,10193
Wales,,2019,10519
Wallis and Futuna,WLF,1994,
West Germany (FRG),,1990,
Western Europe,,1990,
Western Europe,,1991,
Western Europe,,1992,
Western Europe,,1994,
Western Europe,,1995,
Western Europe,,1996,
Western Europe,,1997,
Western Europe,,1998,
Western Europe,,1999,
Western Europe,,2000,
Western Europe,,2001,
Western Europe,,2002,
Western Europe,,2003,
Western Europe,,2004,
Western Europe,,2005,
Western Europe,,2006,
Western Europe,,2007,
Western Europe,,2008,
Western Europe,,2009,
Western Europe,,2010,
Western Europe,,2011,
Western Europe,,2012,
Western Europe,,2013,
Western Europe,,2014,
Western Europe,,2015,
Western Europe,,2016,
Western Europe,,2017,
Western Pacific Region (WHO),,1990,3118018
Western Pacific Region (WHO),,1991,3150114
Western Pacific Region (WHO),,1992,3186491
Western Pacific Region (WHO),,1993,3220770
Western Pacific Region (WHO),,1994,3231253
Western Pacific Region (WHO),,1995,3264030
Western Pacific Region (WHO),,1996,3307613
Western Pacific Region (WHO),,1997,3342135
Western Pacific Region (WHO),,1998,3403556
Western Pacific Region (WHO),,1999,3523786
Western Pacific Region (WHO),,2000,3675103
Western Pacific Region (WHO),,2001,3794492
Western Pacific Region (WHO),,2002,3933146
Western Pacific Region (WHO),,2003,4062181
Western Pacific Region (WHO),,2004,4203885
Western Pacific Region (WHO),,2005,4280226
Western Pacific Region (WHO),,2006,4252539
Western Pacific Region (WHO),,2007,4294151
Western Pacific Region (WHO),,2008,4421698
Western Pacific Region (WHO),,2009,4582643
Western Pacific Region (WHO),,2010,4762488
Western Pacific Region (WHO),,2011,4892121
Western Pacific Region (WHO),,2012,4942889
Western Pacific Region (WHO),,2013,5029452
Western Pacific Region (WHO),,2014,5117827
Western Pacific Region (WHO),,2015,5195466
Western Pacific Region (WHO),,2016,5331193
Western Pacific Region (WHO),,2017,5440824
Western Pacific Region (WHO),,2018,5552490
Western Pacific Region (WHO),,2019,5709784
Western Sahara,ESH,1992,
Western Sahara,ESH,2007,
World,OWID_WRL,1990,12068421
World,OWID_WRL,1991,12226555
World,OWID_WRL,1992,12444358
World,OWID_WRL,1993,12808626
World,OWID_WRL,1994,13032854
World,OWID_WRL,1995,13135903
World,OWID_WRL,1996,13220307
World,OWID_WRL,1997,13346704
World,OWID_WRL,1998,13468412
World,OWID_WRL,1999,13727835
World,OWID_WRL,2000,13964207
World,OWID_WRL,2001,14192854
World,OWID_WRL,2002,14509075
World,OWID_WRL,2003,14718320
World,OWID_WRL,2004,14753751
World,OWID_WRL,2005,15003467
World,OWID_WRL,2006,14999652
World,OWID_WRL,2007,15125504
World,OWID_WRL,2008,15410390
World,OWID_WRL,2009,15561020
World,OWID_WRL,2010,15846711
World,OWID_WRL,2011,16046900
World,OWID_WRL,2012,16254038
World,OWID_WRL,2013,16499034
World,OWID_WRL,2014,16724998
World,OWID_WRL,2015,17099164
World,OWID_WRL,2016,17408326
World,OWID_WRL,2017,17695752
World,OWID_WRL,2018,18124018
World,OWID_WRL,2019,18562510
World (excluding China),,2007,
World (excluding China),,2008,
World (excluding China),,2009,
World (excluding China),,2010,
World (excluding China),,2011,
World (excluding China),,2012,
World (excluding China),,2013,
World (excluding China),,2014,
World (excluding China),,2015,
World (excluding China),,2016,
World Bank High Income,,1990,3592573
World Bank High Income,,1991,3577793
World Bank High Income,,1992,3546205
World Bank High Income,,1993,3556836
World Bank High Income,,1994,3532386
World Bank High Income,,1995,3536632
World Bank High Income,,1996,3498899
World Bank High Income,,1997,3460710
World Bank High Income,,1998,3451714
World Bank High Income,,1999,3446015
World Bank High Income,,2000,3386468
World Bank High Income,,2001,3350083
World Bank High Income,,2002,3336445
World Bank High Income,,2003,3314306
World Bank High Income,,2004,3229057
World Bank High Income,,2005,3213382
World Bank High Income,,2006,3171841
World Bank High Income,,2007,3150975
World Bank High Income,,2008,3135523
World Bank High Income,,2009,3112355
World Bank High Income,,2010,3102488
World Bank High Income,,2011,3125732
World Bank High Income,,2012,3151427
World Bank High Income,,2013,3165952
World Bank High Income,,2014,3175341
World Bank High Income,,2015,3249318
World Bank High Income,,2016,3282276
World Bank High Income,,2017,3332457
World Bank High Income,,2018,3435746
World Bank High Income,,2019,3525196
World Bank Low Income,,1990,442556
World Bank Low Income,,1991,451315
World Bank Low Income,,1992,461244
World Bank Low Income,,1993,471042
World Bank Low Income,,1994,480247
World Bank Low Income,,1995,491028
World Bank Low Income,,1996,499875
World Bank Low Income,,1997,507394
World Bank Low Income,,1998,516444
World Bank Low Income,,1999,524092
World Bank Low Income,,2000,531789
World Bank Low Income,,2001,539543
World Bank Low Income,,2002,548282
World Bank Low Income,,2003,558246
World Bank Low Income,,2004,569830
World Bank Low Income,,2005,579676
World Bank Low Income,,2006,591599
World Bank Low Income,,2007,603553
World Bank Low Income,,2008,617891
World Bank Low Income,,2009,631409
World Bank Low Income,,2010,642426
World Bank Low Income,,2011,657435
World Bank Low Income,,2012,672845
World Bank Low Income,,2013,686978
World Bank Low Income,,2014,701268
World Bank Low Income,,2015,718428
World Bank Low Income,,2016,734742
World Bank Low Income,,2017,752894
World Bank Low Income,,2018,773350
World Bank Low Income,,2019,792037
World Bank Lower Middle Income,,1990,3189411
World Bank Lower Middle Income,,1991,3279605
World Bank Lower Middle Income,,1992,3377225
World Bank Lower Middle Income,,1993,3469426
World Bank Lower Middle Income,,1994,3557202
World Bank Lower Middle Income,,1995,3631816
World Bank Lower Middle Income,,1996,3721485
World Bank Lower Middle Income,,1997,3865989
World Bank Lower Middle Income,,1998,3934783
World Bank Lower Middle Income,,1999,3990781
World Bank Lower Middle Income,,2000,4088216
World Bank Lower Middle Income,,2001,4196330
World Bank Lower Middle Income,,2002,4311989
World Bank Lower Middle Income,,2003,4373877
World Bank Lower Middle Income,,2004,4385793
World Bank Lower Middle Income,,2005,4528066
World Bank Lower Middle Income,,2006,4668128
World Bank Lower Middle Income,,2007,4807317
World Bank Lower Middle Income,,2008,4949185
World Bank Lower Middle Income,,2009,4976345
World Bank Lower Middle Income,,2010,5070578
World Bank Lower Middle Income,,2011,5189665
World Bank Lower Middle Income,,2012,5331986
World Bank Lower Middle Income,,2013,5470216
World Bank Lower Middle Income,,2014,5549551
World Bank Lower Middle Income,,2015,5746363
World Bank Lower Middle Income,,2016,5855152
World Bank Lower Middle Income,,2017,5985475
World Bank Lower Middle Income,,2018,6160202
World Bank Lower Middle Income,,2019,6291011
World Bank Upper Middle Income,,1990,4837586
World Bank Upper Middle Income,,1991,4911508
World Bank Upper Middle Income,,1992,5053249
World Bank Upper Middle Income,,1993,5304754
World Bank Upper Middle Income,,1994,5456392
World Bank Upper Middle Income,,1995,5469718
World Bank Upper Middle Income,,1996,5493248
World Bank Upper Middle Income,,1997,5505751
World Bank Upper Middle Income,,1998,5558486
World Bank Upper Middle Income,,1999,5759825
World Bank Upper Middle Income,,2000,5950544
World Bank Upper Middle Income,,2001,6099556
World Bank Upper Middle Income,,2002,6304921
World Bank Upper Middle Income,,2003,6464233
World Bank Upper Middle Income,,2004,6561245
World Bank Upper Middle Income,,2005,6674353
World Bank Upper Middle Income,,2006,6560040
World Bank Upper Middle Income,,2007,6555459
World Bank Upper Middle Income,,2008,6699411
World Bank Upper Middle Income,,2009,6832381
World Bank Upper Middle Income,,2010,7022598
World Bank Upper Middle Income,,2011,7065372
World Bank Upper Middle Income,,2012,7088922
World Bank Upper Middle Income,,2013,7166839
World Bank Upper Middle Income,,2014,7289580
World Bank Upper Middle Income,,2015,7375535
World Bank Upper Middle Income,,2016,7526465
World Bank Upper Middle Income,,2017,7614992
World Bank Upper Middle Income,,2018,7744544
World Bank Upper Middle Income,,2019,7943909
Yemen,YEM,2007,37776
Yemen,YEM,2008,39045
Yemen,YEM,2009,39807
Yemen,YEM,2010,40277
Yemen,YEM,2011,41648
Yemen,YEM,2012,42824
Yemen,YEM,2013,44191
Yemen,YEM,2014,45318
Yemen,YEM,2015,47307
Yemen,YEM,1990,25373
Yemen,YEM,1991,25913
Yemen,YEM,1992,26560
Yemen,YEM,1993,27232
Yemen,YEM,1994,27938
Yemen,YEM,1995,28606
Yemen,YEM,1996,29232
Yemen,YEM,1997,29894
Yemen,YEM,1998,30440
Yemen,YEM,1999,31290
Yemen,YEM,2000,31976
Yemen,YEM,2001,32560
Yemen,YEM,2002,33472
Yemen,YEM,2003,34248
Yemen,YEM,2004,35081
Yemen,YEM,2005,35845
Yemen,YEM,2006,36810
Yemen,YEM,2016,49168
Yemen,YEM,2017,51491
Yemen,YEM,2018,53763
Yemen,YEM,2019,55752
Yugoslavia,OWID_YGS,1990,
Yugoslavia,OWID_YGS,1991,
Yugoslavia,OWID_YGS,1992,
Yugoslavia,OWID_YGS,1994,
Yugoslavia,OWID_YGS,1995,
Yugoslavia,OWID_YGS,1996,
Yugoslavia,OWID_YGS,1997,
Yugoslavia,OWID_YGS,1998,
Yugoslavia,OWID_YGS,1999,
Yugoslavia,OWID_YGS,2000,
Yugoslavia,OWID_YGS,2001,
Yugoslavia,OWID_YGS,2002,
Zaire,,1991,
Zaire,,1992,
Zaire,,1994,
Zaire,,1995,
Zaire,,1996,
Zaire,,1997,
Zambia,ZMB,1990,7826
Zambia,ZMB,1991,8198
Zambia,ZMB,1992,8508
Zambia,ZMB,1993,8783
Zambia,ZMB,1994,9092
Zambia,ZMB,1995,9397
Zambia,ZMB,1996,9655
Zambia,ZMB,1997,9848
Zambia,ZMB,1998,10028
Zambia,ZMB,1999,10162
Zambia,ZMB,2000,10320
Zambia,ZMB,2001,10443
Zambia,ZMB,2002,10656
Zambia,ZMB,2003,10903
Zambia,ZMB,2004,11173
Zambia,ZMB,2005,11420
Zambia,ZMB,2006,11789
Zambia,ZMB,2007,11979
Zambia,ZMB,2008,12235
Zambia,ZMB,2009,12490
Zambia,ZMB,2010,12954
Zambia,ZMB,2011,13555
Zambia,ZMB,2012,14035
Zambia,ZMB,2013,14583
Zambia,ZMB,2014,15184
Zambia,ZMB,2015,15875
Zambia,ZMB,2016,16687
Zambia,ZMB,2017,17172
Zambia,ZMB,2018,17663
Zambia,ZMB,2019,18157
Zimbabwe,ZWE,1990,9099
Zimbabwe,ZWE,1991,9211
Zimbabwe,ZWE,1992,9553
Zimbabwe,ZWE,1993,9693
Zimbabwe,ZWE,1994,9891
Zimbabwe,ZWE,1995,10139
Zimbabwe,ZWE,1996,10153
Zimbabwe,ZWE,1997,10364
Zimbabwe,ZWE,1998,10964
Zimbabwe,ZWE,1999,11596
Zimbabwe,ZWE,2000,12372
Zimbabwe,ZWE,2001,12652
Zimbabwe,ZWE,2002,13133
Zimbabwe,ZWE,2003,13484
Zimbabwe,ZWE,2004,13967
Zimbabwe,ZWE,2005,14110
Zimbabwe,ZWE,2006,14484
Zimbabwe,ZWE,2007,14862
Zimbabwe,ZWE,2008,15654
Zimbabwe,ZWE,2009,16082
Zimbabwe,ZWE,2010,16218
Zimbabwe,ZWE,2011,16091
Zimbabwe,ZWE,2012,16083
Zimbabwe,ZWE,2013,16098
Zimbabwe,ZWE,2014,16356
Zimbabwe,ZWE,2015,16649
Zimbabwe,ZWE,2016,16937
Zimbabwe,ZWE,2017,17187
Zimbabwe,ZWE,2018,17460
Zimbabwe,ZWE,2019,17810
